Año,Mes,Inflacion_Realizada,Fecha,Expectativa_12m,Inf_AnoAct,Inf_AnoSig,TC_AnoAct,TC_12m,PIB_AnoAct,TPM_MesAct,Expectativa_12m_lag12,Error_Pronostico,Error_Cuadratico,Error_Absoluto,Revision,Error_lag12,Inf_lag13,TPM_lag13,TC_lag13,PIB_lag13,D_Pandemia
2009,6,1.41,2009-06-01,5.42,5.0,6.0,6.10341904492795,5.99991628997154,2.5,,,,,,,,,,,,0
2009,7,1.2,2009-07-01,6.5,6.0,7.0,5.96213619666572,7.09396480024473,1.5,,,,,,1.08,,,,,,0
2009,8,1.92,2009-08-01,6.11,6.0,6.1,4.54930771404352,6.04171859445556,2.0,,,,,,-0.3899999999999997,,,,,,0
2009,9,4.04,2009-09-01,6.0,6.0,6.9,5.04379768296128,5.99999999999998,2.25,,,,,,-0.1100000000000003,,,,,,0
2009,10,5.2,2009-10-01,5.735,6.0,6.98,4.54930771404352,5.8132697358988,2.1,4.0,,,,,-0.2649999999999997,,,,,,0
2009,11,5.71,2009-11-01,6.0,5.435,6.575,3.13647923142131,4.97237569060773,1.94,4.0,,,,,0.2649999999999997,,,,,,0
2009,12,5.76,2009-12-01,6.505,6.0,7.0,2.4300649901102,4.65753424657536,2.5,4.0,,,,,0.5049999999999999,,,,,,0
2010,1,6.16,2010-01-01,6.98,7.0,6.18,4.78433001107421,4.82758620689656,4.0,4.0,,,,,0.4750000000000005,,,,,,0
2010,2,6.2,2010-02-01,6.7,6.65,6.75,4.77574750830566,4.5780474351903,4.135,4.0,,,,,-0.2800000000000002,,,,,,0
2010,3,6.31,2010-03-01,6.4,6.5,6.0,3.82059800664452,4.05165076615228,4.27,4.0,,,,,-0.2999999999999998,,,,,,0
2010,4,6.34,2010-04-01,6.7,6.825,6.54,3.82059800664452,4.49999999999999,4.53,4.0,,,,,0.2999999999999998,,,,,,0
2010,5,5.86,2010-05-01,7.87,7.0,6.75,5.03875968992249,5.28455284552847,5.1,4.0,,,,,1.17,,,,,,0
2010,6,6.11,2010-06-01,7.0,7.0,6.5,5.20487264673313,5.22972972972973,5.765,4.0,5.42,0.6900000000000004,0.4761000000000005,0.6900000000000004,-0.8700000000000001,,,,,,0
2010,7,6.45,2010-07-01,6.0,6.4,6.0,4.37430786267996,4.60376628987214,5.53,4.0,6.5,-0.04999999999999982,0.002499999999999982,0.04999999999999982,-1.0,,1.41,,6.10341904492795,2.5,0
2010,8,6.29,2010-08-01,6.44,6.45,6.0,4.69269102990034,4.47672064777328,6.0,4.0,6.11,0.1799999999999997,0.0323999999999999,0.1799999999999997,0.4400000000000004,,1.2,,5.96213619666572,1.5,0
2010,9,6.14,2010-09-01,6.245,6.0,6.0,4.37430786267996,4.10525896298872,5.7,4.0,6.0,0.1399999999999997,0.01959999999999991,0.1399999999999997,-0.1950000000000003,,1.92,,4.54930771404352,2.0,0
2010,10,6.32,2010-10-01,6.35,6.275,5.935,4.55426356589148,4.16781606222827,6.0,4.75,5.735,0.585,0.3422249999999999,0.585,0.1049999999999995,,4.04,,5.04379768296128,2.25,0
2010,11,6.22,2010-11-01,6.5,6.45,6.5,4.23588039867111,4.1588981755118,6.5,5.0,6.0,0.2199999999999998,0.04839999999999989,0.2199999999999998,0.1500000000000004,,5.2,4.0,4.54930771404352,2.1,0
2010,12,6.24,2010-12-01,6.0,6.0,6.2,3.66832779623477,4.13257073704835,6.875,5.0,6.505,-0.2649999999999997,0.07022499999999983,0.2649999999999997,-0.5,,5.71,4.0,3.13647923142131,1.94,0
2011,1,6.38,2011-01-01,6.43,6.4,6.0,4.55514118273841,4.05405405405406,5.9,5.0,6.98,-0.6000000000000005,0.3600000000000007,0.6000000000000005,0.4299999999999997,,5.76,4.0,2.4300649901102,2.5,0
2011,2,6.94,2011-02-01,6.525,6.5,6.3,4.80820458177943,3.43010303536619,5.7,5.0,6.7,0.2400000000000002,0.0576000000000001,0.2400000000000002,0.09500000000000064,,6.16,4.0,4.78433001107421,4.0,0
2011,3,7.85,2011-03-01,7.475,6.8,6.3,5.19445924347364,3.16622691292876,5.5,6.0,6.4,1.449999999999999,2.102499999999998,1.449999999999999,0.9499999999999993,,6.2,4.0,4.77574750830566,4.135,0
2011,4,8.45,2011-04-01,7.175,7.0,6.0,5.44752264251466,3.01602009659889,5.5,6.25,6.7,1.749999999999999,3.062499999999997,1.749999999999999,-0.2999999999999998,,6.31,4.0,3.82059800664452,4.27,0
2011,5,9.01,2011-05-01,7.0,7.3,6.0,5.71390516782099,2.87762056102204,5.5,6.75,7.87,1.14,1.299599999999999,1.14,-0.1749999999999998,,6.34,4.0,3.82059800664452,4.53,0
2011,6,8.9,2011-06-01,7.0,7.5,6.1,6.02024507192327,2.07002300025554,5.0,6.75,7.0,1.9,3.610000000000001,1.9,0.0,0.6900000000000004,5.86,4.0,5.03875968992249,5.1,0
2011,7,8.08,2011-07-01,7.35,7.98,6.0,6.11534363345765,1.89423027696718,5.0,6.75,6.0,2.08,4.3264,2.08,0.3499999999999996,-0.04999999999999982,6.11,4.0,5.20487264673313,5.765,0
2011,8,8.46,2011-08-01,7.5,8.0,6.3,6.85935002663826,2.0538001393564,4.5,6.75,6.44,2.02,4.080400000000002,2.02,0.1500000000000004,0.1799999999999997,6.45,4.0,4.37430786267996,5.53,0
2011,9,8.31,2011-09-01,7.55,8.46,6.0,6.88665423548216,1.71177602654117,4.475,6.75,6.245,2.065,4.264225000000001,2.065,0.04999999999999982,0.1399999999999997,6.29,4.0,4.69269102990034,6.0,0
2011,10,7.91,2011-10-01,7.0,8.01,6.3,3.7559936068194,3.27576754385965,4.5,6.75,6.35,1.56,2.433600000000002,1.56,-0.5499999999999998,0.585,6.14,4.0,4.37430786267996,5.7,0
2011,11,7.79,2011-11-01,8.0,8.33,6.055,3.88918486947256,5.71428571428572,4.25,6.75,6.5,1.29,1.6641,1.29,1.0,0.2199999999999998,6.32,4.75,4.55426356589148,6.0,0
2011,12,7.76,2011-12-01,6.0,7.98,6.0,2.98348428343101,4.53623188405796,4.5,6.75,6.0,1.76,3.097599999999999,1.76,-2.0,-0.2649999999999997,6.22,5.0,4.23588039867111,6.5,0
2012,1,7.31,2012-01-01,6.91,6.055,5.74,4.89438433797013,5.75447570332481,4.5,6.75,6.43,0.8799999999999999,0.7743999999999999,0.8799999999999999,0.9100000000000001,-0.6000000000000005,6.24,5.0,3.66832779623477,6.875,0
2012,2,6.73,2012-02-01,6.12,6.25,6.0,4.58526532715096,5.12820512820513,4.5,6.75,6.525,0.2050000000000001,0.04202500000000003,0.2050000000000001,-0.79,0.2400000000000002,6.38,5.0,4.55514118273841,5.9,0
2012,3,5.39,2012-03-01,6.13,6.17,5.5,4.8428645028336,4.59183673469388,4.6,6.75,7.475,-2.085,4.347225,2.085,0.009999999999999787,1.449999999999999,6.94,5.0,4.80820458177943,5.7,0
2012,4,4.46,2012-04-01,6.235,6.125,6.0,6.04070066975786,5.49872122762148,4.5,6.75,7.175,-2.715,7.371224999999999,2.715,0.1050000000000004,1.749999999999999,7.85,6.0,5.19445924347364,5.5,0
2012,5,3.61,2012-05-01,5.68,5.58,5.54,4.198866563627,5.16150516150516,4.5,6.75,7.0,-3.39,11.4921,3.39,-0.5550000000000006,1.14,8.45,6.25,5.44752264251466,5.5,0
2012,6,3.67,2012-06-01,6.17,5.0,5.5,4.8428645028336,6.13810741687979,4.5,6.0,7.0,-3.33,11.0889,3.33,0.4900000000000002,1.9,9.01,6.75,5.71390516782099,5.5,0
2012,7,4.2,2012-07-01,5.95,4.5,5.5,3.29726944873776,5.60102301790282,4.125,6.0,7.35,-3.149999999999999,9.922499999999996,3.149999999999999,-0.2199999999999998,2.08,8.9,6.75,6.02024507192327,5.0,0
2012,8,3.48,2012-08-01,5.55,3.8,5.0,2.9108706852138,4.77824866693334,4.0,5.5,7.5,-4.02,16.1604,4.02,-0.4000000000000004,2.02,8.08,6.75,6.11534363345765,5.0,0
2012,9,3.54,2012-09-01,5.25,4.0,5.0,3.54752704791345,5.63593101271458,4.0,5.0,7.55,-4.01,16.0801,4.01,-0.2999999999999998,2.065,8.46,6.75,6.85935002663826,4.5,0
2012,10,3.78,2012-10-01,5.33,4.2,5.0,3.03967027305512,5.03778337531486,4.0,5.0,7.0,-3.22,10.3684,3.22,0.08000000000000007,1.56,8.31,6.75,6.88665423548216,4.475,0
2012,11,3.91,2012-11-01,5.515,4.0,5.23,3.68753219989696,4.473888055972,4.0,5.0,8.0,-4.09,16.7281,4.09,0.1849999999999996,1.29,7.91,6.75,3.7559936068194,4.5,0
2012,12,3.91,2012-12-01,5.08,3.95,5.13,3.68366821226171,4.58035103293939,4.0,5.0,6.0,-2.09,4.368099999999999,2.09,-0.4349999999999996,1.76,7.79,6.75,3.88918486947256,4.25,0
2013,1,4.66,2013-01-01,5.3,5.6,5.0,5.61881188118813,4.47174447174448,3.3,5.0,6.91,-2.25,5.0625,2.25,0.2199999999999998,0.8799999999999999,7.76,6.75,2.98348428343101,4.5,0
2013,2,4.85,2013-02-01,5.68,5.895,5.0,6.06435643564357,5.01222493887531,3.2,5.0,6.12,-1.27,1.612900000000001,1.27,0.3799999999999999,0.2050000000000001,7.31,6.75,4.89438433797013,4.5,0
2013,3,5.22,2013-03-01,5.56,6.0,5.0,6.43564356435644,5.06822612085769,3.25,5.0,6.13,-0.9100000000000001,0.8281000000000003,0.9100000000000001,-0.1200000000000001,-2.085,6.73,6.75,4.58526532715096,4.5,0
2013,4,4.91,2013-04-01,5.5,5.5,4.9,5.22277227722772,4.17686541869519,3.625,5.0,6.235,-1.325,1.755625,1.325,-0.05999999999999961,-2.715,5.39,6.75,4.8428645028336,4.6,0
2013,5,5.58,2013-05-01,5.1,5.15,5.0,3.96039603960396,4.54379200039676,3.0,5.0,5.68,-0.09999999999999964,0.009999999999999929,0.09999999999999964,-0.4000000000000004,-3.39,4.46,6.75,6.04070066975786,4.5,0
2013,6,5.42,2013-06-01,5.18,5.16,5.0,5.44851485148514,4.38554216867471,3.0,4.25,6.17,-0.75,0.5625,0.75,0.08000000000000007,-3.33,3.61,6.75,4.198866563627,4.5,0
2013,7,4.45,2013-07-01,5.14,5.16,5.0,6.18811881188119,4.04761904761906,2.775,4.25,5.95,-1.5,2.25,1.5,-0.04000000000000004,-3.149999999999999,3.67,6.0,4.8428645028336,4.5,0
2013,8,4.66,2013-08-01,5.4,5.0,5.22,6.85643564356437,5.22689474934663,3.0,4.25,5.55,-0.8899999999999997,0.7920999999999995,0.8899999999999997,0.2600000000000007,-4.02,4.2,6.0,3.29726944873776,4.125,0
2013,9,4.85,2013-09-01,5.22,5.1,5.0,11.3861386138614,3.4965034965035,2.5,6.25,5.25,-0.4000000000000004,0.1600000000000003,0.4000000000000004,-0.1800000000000006,-4.01,3.48,5.5,2.9108706852138,4.0,0
2013,10,4.61,2013-10-01,5.35,5.2,5.0,6.46039603960396,4.04075675147182,2.5,6.25,5.33,-0.7199999999999998,0.5183999999999996,0.7199999999999998,0.1299999999999999,-3.22,3.54,5.0,3.54752704791345,4.0,0
2013,11,3.96,2013-11-01,4.79,5.0,4.825,6.43564356435644,5.83537636436424,2.8,6.25,5.515,-1.555,2.418024999999999,1.555,-0.5599999999999996,-4.09,3.78,5.0,3.03967027305512,4.0,0
2013,12,3.88,2013-12-01,4.65,4.015,4.8,5.97772277227723,4.8429085908407,3.0,6.25,5.08,-1.2,1.44,1.2,-0.1399999999999997,-2.09,3.91,5.0,3.68753219989696,4.0,0
2014,1,3.43,2014-01-01,4.6,4.5,4.34,4.88431876606685,4.65116279069768,4.5,6.25,5.3,-1.87,3.496899999999999,1.87,-0.05000000000000071,-2.25,3.91,5.0,3.68366821226171,4.0,0
2014,2,3.18,2014-02-01,4.65,4.5,4.35,4.4987146529563,4.44992690058479,4.5,6.25,5.68,-2.5,6.249999999999998,2.5,0.05000000000000071,-1.27,4.66,5.0,5.61881188118813,3.3,0
2014,3,2.95,2014-03-01,4.5,4.5,4.2,5.39845758354756,4.59770114942528,4.5,6.25,5.56,-2.609999999999999,6.812099999999997,2.609999999999999,-0.1500000000000004,-0.9100000000000001,4.85,5.0,6.06435643564357,3.2,0
2014,4,3.05,2014-04-01,4.58,4.5,4.5,4.79083898107036,5.24007386888274,4.5,6.25,5.5,-2.45,6.002500000000001,2.45,0.08000000000000007,-1.325,5.22,5.0,6.43564356435644,3.25,0
2014,5,2.49,2014-05-01,4.465,4.35,4.3,4.2533302173405,4.69907407407406,4.5,6.25,5.1,-2.609999999999999,6.812099999999997,2.609999999999999,-0.1150000000000002,-0.09999999999999964,4.91,5.0,5.22277227722772,3.625,0
2014,6,2.42,2014-06-01,4.1,4.2,4.4,4.69735919607384,5.0,5.0,6.25,5.18,-2.76,7.617599999999999,2.76,-0.3650000000000002,-0.75,5.58,5.0,3.96039603960396,3.0,0
2014,7,3.03,2014-07-01,4.33,4.0,4.3,3.80930123860717,4.49026345933563,4.8,6.25,5.14,-2.11,4.4521,2.11,0.2300000000000004,-1.5,5.42,4.25,5.44851485148514,3.0,0
2014,8,2.84,2014-08-01,4.17,4.0,4.345,3.52886188361767,4.49026345933563,4.5,6.25,5.4,-2.56,6.553600000000003,2.56,-0.1600000000000001,-0.8899999999999997,4.45,4.25,6.18811881188119,2.775,0
2014,9,2.59,2014-09-01,4.175,3.855,4.45,3.45875204487031,2.62844424939657,5.55,6.25,5.22,-2.63,6.916899999999999,2.63,0.004999999999999893,-0.4000000000000004,4.66,4.25,6.85643564356437,3.0,0
2014,10,2.41,2014-10-01,4.0,3.55,4.3,3.06146295863521,3.34150144798395,5.55,6.25,5.35,-2.94,8.643599999999998,2.94,-0.1749999999999998,-0.7199999999999998,4.85,6.25,11.3861386138614,2.5,0
2014,11,2.5,2014-11-01,3.385,3.225,3.95,3.55223182986679,4.16143359840688,6.0,6.25,4.79,-2.29,5.2441,2.29,-0.6150000000000002,-1.555,4.61,6.25,6.46039603960396,2.5,0
2014,12,1.58,2014-12-01,3.5,2.51,3.7,3.62234166861417,3.99548532731377,6.5,6.25,4.65,-3.07,9.424900000000001,3.07,0.1150000000000002,-1.2,3.96,6.25,6.43564356435644,2.8,0
2015,1,0.82,2015-01-01,3.5,3.75,4.0,3.69702434625789,3.74498439589834,5.5,6.25,4.6,-3.78,14.2884,3.78,0.0,-1.87,3.88,6.25,5.97772277227723,3.0,0
2015,2,0.16,2015-02-01,3.69,3.575,4.0,4.94815148782688,3.98230088495575,5.625,6.25,4.65,-4.49,20.1601,4.49,0.1899999999999999,-2.5,3.43,6.25,4.88431876606685,4.5,0
2015,3,0.04,2015-03-01,3.75,3.5,3.93,3.65193868349865,3.79464285714286,5.75,6.25,4.5,-4.46,19.8916,4.46,0.06000000000000005,-2.609999999999999,3.18,6.25,4.4987146529563,4.5,0
2015,4,0.34,2015-04-01,3.15,3.25,4.0,3.69702434625789,3.75863583156382,5.375,5.75,4.58,-4.24,17.9776,4.24,-0.6000000000000001,-2.45,2.95,6.25,5.39845758354756,4.5,0
2015,5,0.46,2015-05-01,3.0,2.89,3.4,3.65193868349865,3.79464285714286,5.3,5.25,4.465,-4.005,16.040025,4.005,-0.1499999999999999,-2.609999999999999,3.05,6.25,4.79083898107036,4.5,0
2015,6,0.61,2015-06-01,3.135,2.9,3.805,3.52795311091073,3.73735611490763,6.0,5.0,4.1,-3.49,12.1801,3.49,0.1349999999999998,-2.76,2.49,6.25,4.2533302173405,4.5,0
2015,7,0.2,2015-07-01,3.575,2.725,4.0,3.40396753832282,3.77919079631652,6.0,5.0,4.33,-4.13,17.0569,4.13,0.4400000000000004,-2.11,2.42,6.25,4.69735919607384,5.0,0
2015,8,0.43,2015-08-01,3.5,2.48,3.85,3.47159603246168,3.71595185026132,6.0,5.0,4.17,-3.74,13.9876,3.74,-0.07500000000000018,-2.56,3.03,6.25,3.80930123860717,4.8,0
2015,9,0.54,2015-09-01,3.24,2.38,3.6,3.29125338142471,3.5265594004849,6.1,5.0,4.175,-3.635,13.213225,3.635,-0.2599999999999998,-2.63,2.84,6.25,3.52886188361767,4.5,0
2015,10,1.13,2015-10-01,3.72,1.9,3.915,3.30252479711451,3.68897008748493,6.03,5.0,4.0,-2.87,8.2369,2.87,0.48,-2.94,2.59,6.25,3.45875204487031,5.55,0
2015,11,1.62,2015-11-01,2.98,2.5,3.2,2.89675383228134,2.94859987759339,6.17,5.0,3.385,-1.765,3.115224999999999,1.765,-0.7400000000000002,-2.29,2.41,6.25,3.06146295863521,5.55,0
2015,12,2.34,2015-12-01,3.49,2.5,3.5,2.78403967538324,3.50493301086414,6.45,5.0,3.5,-1.16,1.3456,1.16,0.5100000000000002,-3.07,2.5,6.25,3.55223182986679,6.0,0
2016,1,2.18,2016-01-01,3.4,3.37,4.0,3.20526893523601,3.34476843910807,6.0,5.0,3.5,-1.32,1.7424,1.32,-0.0900000000000003,-3.78,1.58,6.25,3.62234166861417,6.5,0
2016,2,2.55,2016-02-01,3.5,3.275,4.0,3.51262349066959,3.4934497816594,5.5,5.0,3.69,-1.14,1.2996,1.14,0.1000000000000001,-4.49,0.82,6.25,3.69702434625789,5.5,0
2016,3,1.7,2016-03-01,3.555,3.2,4.0,3.40285400658618,3.99127589967285,5.9,5.0,3.75,-2.05,4.2025,2.05,0.05500000000000016,-4.46,0.16,6.25,4.94815148782688,5.625,0
2016,4,1.62,2016-04-01,3.5,3.1,4.0,2.81009879253568,3.35731414868106,5.6,5.0,3.15,-1.53,2.3409,1.53,-0.05500000000000016,-4.24,0.04,6.25,3.65193868349865,5.75,0
2016,5,1.46,2016-05-01,3.0,2.87,4.0,3.0515916575192,3.44076655052263,5.6,5.0,3.0,-1.54,2.3716,1.54,-0.5,-4.005,0.34,5.75,3.69702434625789,5.375,0
2016,6,1.62,2016-06-01,3.3,2.7,4.0,3.0515916575192,3.65853658536586,6.0,5.0,3.135,-1.515,2.295224999999999,1.515,0.2999999999999998,-3.49,0.46,5.25,3.65193868349865,5.3,0
2016,7,1.61,2016-07-01,3.5,2.9,4.0,2.83205268935238,3.64002854472441,6.0,5.0,3.575,-1.965,3.861225,1.965,0.2000000000000002,-4.13,0.61,5.0,3.52795311091073,6.0,0
2016,8,1.21,2016-08-01,3.0,3.0,4.0,2.82107574094402,3.54166666666667,6.0,5.0,3.5,-2.29,5.2441,2.29,-0.5,-3.74,0.2,5.0,3.40396753832282,6.0,0
2016,9,1.14,2016-09-01,3.18,1.945,3.325,2.5795828759605,3.70250823467196,7.0,5.0,3.24,-2.100000000000001,4.410000000000002,2.100000000000001,0.1800000000000002,-3.635,0.43,5.0,3.47159603246168,6.0,0
2016,10,0.96,2016-10-01,2.97,1.965,3.5,2.81009879253569,3.42679509506115,6.6,5.0,3.72,-2.76,7.617600000000001,2.76,-0.21,-2.87,0.54,5.0,3.29125338142471,6.1,0
2016,11,1.34,2016-11-01,3.15,1.8,3.5,2.87596048298573,3.35900727428327,6.4,5.5,2.98,-1.64,2.6896,1.64,0.1799999999999997,-1.765,1.13,5.0,3.30252479711451,6.03,0
2016,12,1.7,2016-12-01,3.0,1.15,3.4,2.74423710208562,3.25481798715204,6.5,5.5,3.49,-1.79,3.204100000000001,1.79,-0.1499999999999999,-1.16,1.62,5.0,2.89675383228134,6.17,0
2017,1,2.33,2017-01-01,3.0,3.5,4.0,3.74652108756155,3.9957264957265,5.125,5.5,3.4,-1.07,1.1449,1.07,0.0,-1.32,2.34,5.0,2.78403967538324,6.45,0
2017,2,3.2,2017-02-01,3.5,4.0,4.225,4.15328623421108,3.88237584938093,5.125,5.5,3.5,-0.2999999999999998,0.0899999999999999,0.2999999999999998,0.5,-1.14,2.18,5.0,3.20526893523601,6.0,0
2017,3,3.25,2017-03-01,3.765,3.82,4.2,3.96060800685079,4.01691331923892,5.3,5.5,3.555,-0.3050000000000002,0.0930250000000001,0.3050000000000002,0.2650000000000001,-2.05,2.55,5.0,3.51262349066959,5.5,0
2017,4,3.05,2017-04-01,3.5,4.0,4.335,4.17469492614,3.79746835443038,5.2,5.75,3.5,-0.4500000000000002,0.2025000000000002,0.4500000000000002,-0.2650000000000001,-1.53,1.7,5.0,3.40285400658618,5.9,0
2017,5,3.21,2017-05-01,4.0,3.84,4.21,3.83215585527723,3.73338958025733,5.2,5.75,3.0,0.21,0.04409999999999999,0.21,0.5,-1.54,1.62,5.0,2.81009879253568,5.6,0
2017,6,3.11,2017-06-01,4.0,3.8,4.2,3.74652108756155,3.65930599369085,5.2,5.75,3.3,-0.1899999999999999,0.03609999999999998,0.1899999999999999,0.0,-1.515,1.46,5.0,3.0515916575192,5.6,0
2017,7,3.41,2017-07-01,3.705,3.14,4.0,3.73581674159709,3.77358490566038,5.2,5.75,3.5,-0.08999999999999986,0.008099999999999975,0.08999999999999986,-0.2949999999999999,-1.965,1.62,5.0,3.0515916575192,6.0,0
2017,8,3.66,2017-08-01,3.8,3.1,4.0,3.2327124812674,3.36336585575782,5.0,5.25,3.0,0.6600000000000001,0.4356000000000002,0.6600000000000001,0.09499999999999975,-2.29,1.61,5.0,2.83205268935238,6.0,0
2017,9,4.06,2017-09-01,3.5,3.4,4.0,3.51102547634339,3.35148722245497,4.655,5.25,3.18,0.8799999999999994,0.774399999999999,0.8799999999999994,-0.2999999999999998,-2.100000000000001,1.21,5.0,2.82107574094402,6.0,0
2017,10,4.27,2017-10-01,4.0,3.5,4.0,3.41468636266324,3.53189612250068,4.63,5.25,2.97,1.299999999999999,1.689999999999998,1.299999999999999,0.5,-2.76,1.14,5.0,2.5795828759605,7.0,0
2017,11,4.18,2017-11-01,3.925,3.6,4.0,3.339755940912,3.54166666666667,4.65,5.25,3.15,1.03,1.0609,1.03,-0.07500000000000018,-1.64,0.96,5.0,2.81009879253569,6.6,0
2017,12,4.2,2017-12-01,4.05,3.9,4.0,3.40398201669878,3.78122437765882,4.565,5.25,3.0,1.2,1.44,1.2,0.125,-1.79,1.34,5.5,2.87596048298573,6.4,0
2018,1,4.37,2018-01-01,4.11,4.25,4.45,3.74741200828157,3.85964912280701,4.65,5.25,3.0,1.37,1.8769,1.37,0.0600000000000005,-1.07,1.7,5.5,2.74423710208562,6.5,0
2018,2,3.93,2018-02-01,4.02,4.05,4.32,3.81987577639753,3.33211415943849,5.0,5.25,3.5,0.4300000000000002,0.1849000000000001,0.4300000000000002,-0.09000000000000075,-0.2999999999999998,2.33,5.5,3.74652108756155,5.125,0
2018,3,3.91,2018-03-01,4.0,4.0,4.0,4.28571428571429,3.45896684825708,5.0,5.25,3.765,0.145,0.02102500000000001,0.145,-0.01999999999999957,-0.3050000000000002,3.2,5.5,4.15328623421108,5.125,0
2018,4,3.62,2018-04-01,4.105,4.2,4.4,4.98964803312629,4.06240646878172,5.0,5.25,3.5,0.1200000000000001,0.01440000000000003,0.1200000000000001,0.1050000000000004,-0.4500000000000002,3.25,5.5,3.96060800685079,5.3,0
2018,5,4.14,2018-05-01,4.545,4.2,4.3,4.57556935817806,3.80664652567977,5.5,5.25,4.0,0.1399999999999997,0.01959999999999991,0.1399999999999997,0.4399999999999995,0.21,3.05,5.75,4.17469492614,5.2,0
2018,6,4.62,2018-06-01,4.5,4.34,4.29,4.45134575569359,3.95308768470972,5.5,5.25,4.0,0.6200000000000001,0.3844000000000001,0.6200000000000001,-0.04499999999999993,-0.1899999999999999,3.21,5.75,3.83215585527723,5.2,0
2018,7,4.43,2018-07-01,4.5,4.5,4.5,3.88198757763976,3.90663205350604,5.8,5.25,3.705,0.7249999999999996,0.5256249999999995,0.7249999999999996,0.0,-0.08999999999999986,3.11,5.75,3.74652108756155,5.2,0
2018,8,4.04,2018-08-01,4.6,4.335,4.5,4.14078674948239,3.91566265060241,6.1,5.5,3.8,0.2400000000000002,0.0576000000000001,0.2400000000000002,0.09999999999999964,0.6600000000000001,3.41,5.75,3.73581674159709,5.2,0
2018,9,3.32,2018-09-01,4.21,4.0,4.45,4.03726708074534,4.08735724303748,6.0,5.5,3.5,-0.1800000000000002,0.03240000000000006,0.1800000000000002,-0.3899999999999997,0.8799999999999994,3.66,5.25,3.2327124812674,5.0,0
2018,10,3.06,2018-10-01,4.15,3.9,4.2,4.14078674948239,4.0,6.2,5.5,4.0,-0.94,0.8835999999999999,0.94,-0.05999999999999961,1.299999999999999,4.06,5.25,3.51102547634339,4.655,0
2018,11,1.55,2018-11-01,4.01,3.1,4.0,4.24430641821947,3.98139276293221,6.5,5.5,3.925,-2.375,5.640625,2.375,-0.1400000000000006,1.03,4.27,5.25,3.41468636266324,4.63,0
2018,12,1.17,2018-12-01,3.75,2.08,3.85,4.24430641821947,4.15841584158416,6.6,5.5,4.05,-2.88,8.2944,2.88,-0.2599999999999998,1.2,4.18,5.25,3.339755940912,4.65,0
2019,1,1.2,2019-01-01,3.695,3.75,4.0,4.23627684964201,4.13698393978693,5.625,5.5,4.11,-2.91,8.468100000000002,2.91,-0.05500000000000016,1.37,4.2,5.25,3.40398201669878,4.565,0
2019,2,1.1,2019-02-01,3.4,3.205,4.0,4.03739061256961,4.04892337063465,5.5,5.5,4.02,-2.919999999999999,8.526399999999997,2.919999999999999,-0.2949999999999999,0.4300000000000002,4.37,5.25,3.74741200828157,4.65,0
2019,3,1.4,2019-03-01,3.97,3.335,3.83,3.68933969769291,3.65540635374696,5.75,5.5,4.0,-2.6,6.760000000000001,2.6,0.5700000000000003,0.145,3.93,5.25,3.81987577639753,5.0,0
2019,4,1.46,2019-04-01,3.79,3.45,3.875,3.45067621320604,3.59826018189007,5.75,5.5,4.105,-2.645,6.996025000000002,2.645,-0.1800000000000002,0.1200000000000001,3.91,5.25,4.28571428571429,5.0,0
2019,5,1.48,2019-05-01,3.66,3.5,3.8,3.02307080350041,3.30430782451127,5.5,5.5,4.545,-3.065,9.394225,3.065,-0.1299999999999999,0.1399999999999997,3.62,5.25,4.98964803312629,5.0,0
2019,6,1.18,2019-06-01,3.485,3.25,3.65,3.1225139220366,3.24443275604681,5.5,5.5,4.5,-3.32,11.0224,3.32,-0.1750000000000003,0.6200000000000001,4.14,5.25,4.57556935817806,5.5,0
2019,7,1.13,2019-07-01,3.34,2.775,3.56,3.11256961018297,3.70588235294118,5.5,5.0,4.5,-3.37,11.3569,3.37,-0.145,0.7249999999999996,4.62,5.25,4.45134575569359,5.5,0
2019,8,1.25,2019-08-01,3.55,2.83,3.7,3.38106603023069,3.89863547758285,5.0,4.75,4.6,-3.35,11.2225,3.35,0.21,0.2400000000000002,4.43,5.25,3.88198757763976,5.8,0
2019,9,1.74,2019-09-01,3.66,2.95,3.725,3.61972951471758,3.76176381143188,4.95,4.5,4.21,-2.47,6.100899999999998,2.47,0.1100000000000003,-0.1800000000000002,4.04,5.5,4.14078674948239,6.1,0
2019,10,2.01,2019-10-01,3.5,3.1,3.7,5.31026252983293,4.0604343720491,4.85,4.5,4.15,-2.140000000000001,4.579600000000003,2.140000000000001,-0.1600000000000001,-0.94,3.32,5.5,4.03726708074534,6.0,0
2019,11,3.17,2019-11-01,3.02,3.54,4.0,5.60859188544154,4.25411230856494,4.9,4.5,4.01,-0.8399999999999999,0.7055999999999998,0.8399999999999999,-0.48,-2.375,3.06,5.5,4.14078674948239,6.2,0
2019,12,3.66,2019-12-01,3.9,3.775,4.0,5.40970564836913,4.03393025447691,4.94,4.5,3.75,-0.08999999999999986,0.008099999999999975,0.08999999999999986,0.8799999999999999,-2.88,1.55,5.5,4.24430641821947,6.5,0
2020,1,4.07,2020-01-01,4.0,4.0,4.0,4.17296072507554,4.57329326196362,4.85,4.5,3.695,0.3750000000000004,0.1406250000000003,0.3750000000000004,0.1000000000000001,-2.91,1.17,5.5,4.24430641821947,6.6,0
2020,2,4.12,2020-02-01,3.985,4.0,4.0,4.6166918429003,4.16755142296752,5.0,4.5,3.4,0.7200000000000002,0.5184000000000003,0.7200000000000002,-0.01500000000000012,-2.919999999999999,1.2,5.5,4.23627684964201,5.625,0
2020,3,3.27,2020-03-01,3.715,3.415,4.0,4.88104229607251,4.55886917118994,4.25,4.5,3.97,-0.7000000000000002,0.4900000000000003,0.7000000000000002,-0.27,-2.6,1.1,5.5,4.03739061256961,5.5,1
2020,4,1.75,2020-04-01,3.7,4.0,4.1,6.4954682779456,5.55555555555556,0.2,3.5,3.79,-2.04,4.1616,2.04,-0.01499999999999968,-2.645,1.4,5.5,3.68933969769291,5.75,1
2020,5,2.32,2020-05-01,3.0,2.5,3.66,15.1812688821752,9.86853637160385,-2.0,3.5,3.66,-1.34,1.795600000000001,1.34,-0.7000000000000002,-3.065,1.46,5.5,3.45067621320604,5.75,1
2020,6,2.94,2020-06-01,3.0,2.375,3.9,14.6620090634441,6.03047446867093,-2.6,3.5,3.485,-0.5449999999999999,0.2970249999999999,0.5449999999999999,0.0,-3.32,1.48,5.5,3.02307080350041,5.5,1
2020,7,3.18,2020-07-01,3.0,3.1,3.8,14.5015105740181,5.81594252480329,-3.5,3.5,3.34,-0.1599999999999997,0.0255999999999999,0.1599999999999997,0.0,-3.37,1.18,5.5,3.1225139220366,5.5,1
2020,8,3.85,2020-08-01,3.87,3.56,3.98,13.5290785498489,5.48738922972052,-3.885,3.5,3.55,0.3000000000000003,0.09000000000000016,0.3000000000000003,0.8700000000000001,-3.35,1.13,5.0,3.11256961018297,5.5,1
2020,9,4.39,2020-09-01,3.5,3.985,4.0,12.4433534743202,5.45151073085466,-4.75,3.0,3.66,0.7299999999999995,0.5328999999999994,0.7299999999999995,-0.3700000000000001,-2.47,1.25,4.75,3.38106603023069,5.0,1
2020,10,4.77,2020-10-01,4.0,4.3,4.0,11.9901812688822,5.08966695132367,-6.0,3.0,3.5,1.27,1.612899999999999,1.27,0.5,-2.140000000000001,1.74,4.5,3.61972951471758,4.95,1
2020,11,5.4,2020-11-01,4.0,4.795,4.125,11.404833836858,5.03505618108903,-6.1,3.0,3.02,2.38,5.664400000000001,2.38,0.0,-0.8399999999999999,2.01,4.5,5.31026252983293,4.85,1
2020,12,5.55,2020-12-01,4.5,5.25,4.5,10.4607250755287,5.98976109215017,-6.3,3.0,3.9,1.65,2.7225,1.65,0.5,-0.08999999999999986,3.17,4.5,5.60859188544154,4.9,1
2021,1,6.1,2021-01-01,4.42,4.8,4.5,5.28770237578846,5.73630136986301,4.5,3.0,4.0,2.1,4.409999999999998,2.1,-0.08000000000000007,0.3750000000000004,3.66,4.5,5.40970564836913,4.94,1
2021,2,6.36,2021-02-01,4.35,4.75,4.0,3.72750356188247,5.19527447567918,5.2,3.0,3.985,2.375,5.640625000000002,2.375,-0.07000000000000028,0.7200000000000002,4.07,4.5,4.17296072507554,4.85,1
2021,3,7.02,2021-03-01,4.995,5.25,4.45,2.87025146632971,5.40101676910236,5.2,3.0,3.715,3.305,10.923025,3.305,0.6450000000000005,-0.7000000000000002,4.12,4.5,4.6166918429003,5.0,1
2021,4,9.3,2021-04-01,4.95,5.0975,4.465,1.67009853255587,5.12561144996678,5.5,3.0,3.7,5.600000000000001,31.36000000000001,5.600000000000001,-0.04499999999999993,-2.04,3.27,4.5,4.88104229607251,4.25,1
2021,5,9.32,2021-05-01,5.0,5.5,4.38,0.84713652082522,5.76923076923077,6.0,3.0,3.0,6.32,39.94240000000001,6.32,0.04999999999999982,-1.34,1.75,3.5,6.4954682779456,0.2,1
2021,6,8.68,2021-06-01,5.0,6.1,4.195,0.64139601789257,4.46792916865506,7.0,3.0,3.0,5.68,32.2624,5.68,0.0,-0.5449999999999999,2.32,3.5,15.1812688821752,-2.0,1
2021,7,7.93,2021-07-01,4.95,6.18,4.2,1.15574727522423,4.54545454545454,8.0,3.0,3.0,4.93,24.3049,4.93,-0.04999999999999982,-0.1599999999999997,2.94,3.5,14.6620090634441,-2.6,1
2021,8,7.73,2021-08-01,5.0,6.1,4.3,0.298495179671465,4.61538461538462,9.0,3.0,3.87,3.86,14.8996,3.86,0.04999999999999982,0.3000000000000003,3.18,3.5,14.5015105740181,-3.5,1
2021,9,7.72,2021-09-01,5.175,6.45,4.545,-1.24455859232347,4.348588595916,10.25,3.0,3.5,4.22,17.8084,4.22,0.1749999999999998,0.7299999999999995,3.85,3.5,13.5290785498489,-3.885,1
2021,10,7.72,2021-10-01,6.5,6.82,4.6,-2.34184127463098,3.80579761693047,10.1,3.0,4.0,3.72,13.8384,3.72,1.325,1.27,4.39,3.0,12.4433534743202,-4.75,1
2021,11,8.23,2021-11-01,5.85,7.26,5.0,-2.0932381669207,3.93375130849584,10.75,3.0,4.0,4.23,17.8929,4.23,-0.6500000000000004,2.38,4.77,3.0,11.9901812688822,-6.0,1
2021,12,8.5,2021-12-01,5.0,8.285,5.0,-1.93036026876566,4.18150087260035,11.35,3.5,4.5,4.0,16.0,4.0,-0.8499999999999996,1.65,5.4,3.0,11.404833836858,-6.1,1
2022,1,8.73,2022-01-01,4.5,5.85,4.95,4.61359872517384,4.40034512510785,5.5,4.5,4.42,4.31,18.5761,4.31,-0.5,2.1,5.55,3.0,10.4607250755287,-6.3,1
2022,2,9.05,2022-02-01,5.0,6.1,5.5,3.39716153069505,5.16079191243751,5.8,5.0,4.35,4.700000000000001,22.09000000000001,4.700000000000001,0.5,2.375,6.1,3.0,5.28770237578846,4.5,1
2022,3,9.05,2022-03-01,6.5,7.1,5.375,0.790510399669131,6.88405797101448,5.5,5.0,4.995,4.055000000000001,16.44302500000001,4.055000000000001,1.5,3.305,6.36,3.0,3.72750356188247,5.2,1
2022,4,9.64,2022-04-01,7.0,7.4,5.5,-0.0783733106728413,5.91219096334186,5.0,5.5,4.95,4.69,21.9961,4.69,0.5,5.600000000000001,7.02,3.0,2.87025146632971,5.2,1
2022,5,9.47,2022-05-01,7.0,8.39,5.55,-0.25215005274124,5.06329113924051,5.0,5.75,5.0,4.470000000000001,19.98090000000001,4.470000000000001,0.0,6.32,9.3,3.0,1.67009853255587,5.5,1
2022,6,9.32,2022-06-01,6.5,8.5,5.5,-0.334784122867349,4.70038096172397,4.8,6.5,5.0,4.32,18.6624,4.32,-0.5,5.68,9.32,3.0,0.84713652082522,6.0,1
2022,7,8.8,2022-07-01,6.8,8.5,5.5,-2.31233801121081,3.49407114624505,5.0,7.25,4.95,3.850000000000001,14.8225,3.850000000000001,0.2999999999999998,4.93,8.68,3.0,0.64139601789257,7.0,1
2022,8,8.8,2022-08-01,6.70922323,8.5,5.5,-3.0473580405066,4.85757722996389,5.0,7.75,5.0,3.800000000000001,14.44,3.800000000000001,-0.09077676999999973,3.86,7.93,3.0,1.15574727522423,8.0,1
2022,9,8.62,2022-09-01,6.5,7.775,5.5,-3.74737711602642,4.18604651162791,5.0,8.0,5.175,3.444999999999999,11.868025,3.444999999999999,-0.2092232300000001,4.22,7.73,3.0,0.298495179671465,9.0,1
2022,10,8.24,2022-10-01,6.0,7.345,5.5,-5.14396534196656,4.11076975593104,5.175,8.25,6.5,1.74,3.027600000000001,1.74,-0.5,3.72,7.72,3.0,-1.24455859232347,10.25,1
2022,11,7.55,2022-11-01,6.0,7.45,5.5,-4.42279186238272,4.77941176470589,5.0,8.5,5.85,1.7,2.890000000000001,1.7,0.0,4.23,7.72,3.0,-2.34184127463098,10.1,1
2022,12,7.83,2022-12-01,5.45,7.2,5.45,-3.77112907962623,3.97656681952712,5.05,8.5,5.0,2.83,8.0089,2.83,-0.5499999999999998,4.0,8.23,3.0,-2.0932381669207,10.75,1
2023,1,7.55,2023-01-01,4.9,5.28,4.5,4.22907707633893,4.2170818505338,4.9,8.5,4.5,3.05,9.302499999999998,3.05,-0.5499999999999998,4.31,8.5,3.5,-1.93036026876566,11.35,0
2023,2,6.13,2023-02-01,5.2,5.5,4.5,3.71502210436379,4.47522745968925,4.41,8.5,5.0,1.13,1.2769,1.13,0.2999999999999998,4.700000000000001,8.73,4.5,4.61359872517384,5.5,0
2023,3,5.82,2023-03-01,5.15,5.3,4.65,2.63373405986436,4.54421281207792,4.405,8.5,6.5,-0.6799999999999997,0.4623999999999996,0.6799999999999997,-0.04999999999999982,4.055000000000001,9.05,5.0,3.39716153069505,5.8,0
2023,4,5.15,2023-04-01,4.955,5.0,4.05,1.48154188129939,4.56086071364349,4.15,8.5,7.0,-1.85,3.422499999999999,1.85,-0.1950000000000003,4.69,9.05,5.0,0.790510399669131,5.5,0
2023,5,4.43,2023-05-01,4.5,4.8,4.1,-0.424006721711917,4.10958904109588,4.0,8.5,7.0,-2.57,6.604900000000002,2.57,-0.4550000000000001,4.470000000000001,9.64,5.5,-0.0783733106728413,5.0,0
2023,6,4.0,2023-06-01,4.5,4.5,4.205,0.2407195351525,4.6016114592659,4.0,8.0,6.5,-2.5,6.25,2.5,0.0,4.32,9.47,5.75,-0.25215005274124,5.0,0
2023,7,3.95,2023-07-01,4.02,4.0,4.18,1.21565137855362,3.57142857142858,4.0,7.5,6.8,-2.85,8.122499999999999,2.85,-0.4800000000000004,3.850000000000001,9.32,6.5,-0.334784122867349,4.8,0
2023,8,4.04,2023-08-01,4.0,4.0,4.0,2.19058322195476,3.69100568322215,3.7,7.75,6.70922323,-2.66922323,7.124752651571633,2.66922323,-0.01999999999999957,3.800000000000001,8.8,7.25,-2.31233801121081,5.0,0
2023,9,3.91,2023-09-01,4.3,4.0,4.0,2.19058322195476,4.34782608695652,3.0,7.5,6.5,-2.59,6.708099999999999,2.59,0.2999999999999998,3.444999999999999,8.8,7.75,-3.0473580405066,5.0,0
2023,10,3.82,2023-10-01,4.05,4.2,4.0,1.92469271920899,4.22838262946634,2.7,7.5,6.0,-2.18,4.752400000000001,2.18,-0.25,1.74,8.62,8.0,-3.74737711602642,5.0,0
2023,11,3.45,2023-11-01,4.0,4.0,4.0,1.85378858514345,3.89200561009817,2.425,7.25,6.0,-2.55,6.5025,2.55,-0.04999999999999982,1.7,8.24,8.25,-5.14396534196656,5.175,0
2023,12,3.57,2023-12-01,4.0,3.9,4.0,1.39291171371747,3.93219154141908,2.33,7.0,5.45,-1.88,3.534400000000001,1.88,0.0,2.83,7.55,8.5,-4.42279186238272,5.0,0
2024,1,3.46,2024-01-01,4.0,4.0,4.0,4.7093457382438,3.73832045551669,4.76,7.0,4.9,-1.44,2.073600000000001,1.44,0.0,3.05,7.83,8.5,-3.77112907962623,5.05,0
2024,2,3.25,2024-02-01,4.0,4.0,4.0,4.19438174280982,3.57627118644068,4.8,7.0,5.2,-1.95,3.802500000000001,1.95,0.0,1.13,7.55,8.5,4.22907707633893,4.9,0
2024,3,3.13,2024-03-01,3.9,3.9,4.0,4.30595727515384,3.36391437308869,4.8,7.0,5.15,-2.02,4.080400000000002,2.02,-0.1000000000000001,-0.6799999999999997,6.13,8.5,3.71502210436379,4.41,0
2024,4,3.03,2024-04-01,4.0,3.95,4.0,4.7093457382438,3.20134793597304,4.9,7.0,4.955,-1.925,3.705625000000001,1.925,0.1000000000000001,-1.85,5.82,8.5,2.63373405986436,4.405,0
2024,5,3.16,2024-05-01,3.83,3.55,4.0,3.25028108451417,4.27350427350428,4.975,7.0,4.5,-1.34,1.7956,1.34,-0.1699999999999999,-2.57,5.15,8.5,1.48154188129939,4.15,0
2024,6,3.45,2024-06-01,3.65,3.4,4.0,4.36603640795448,3.85259631490786,4.8,7.0,4.5,-1.05,1.1025,1.05,-0.1800000000000002,-2.5,4.43,8.5,-0.424006721711917,4.0,0
2024,7,3.54,2024-07-01,3.9,3.505,4.0,3.68800048063307,3.54332415983275,4.8,7.0,4.02,-0.4799999999999995,0.2303999999999995,0.4799999999999995,0.25,-2.85,4.0,8.0,0.2407195351525,4.0,0
2024,8,3.42,2024-08-01,3.975,3.74,4.0,3.33610841708651,3.53770173372182,4.975,7.0,4.0,-0.5800000000000001,0.3364000000000001,0.5800000000000001,0.07500000000000018,-2.66922323,3.95,7.5,1.21565137855362,4.0,0
2024,9,3.29,2024-09-01,3.885,3.55,4.0,4.7093457382438,3.5215562668332,4.9,6.75,4.3,-1.01,1.0201,1.01,-0.0900000000000003,-2.59,4.04,7.75,2.19058322195476,3.7,0
2024,10,3.16,2024-10-01,3.9,3.5,4.0,4.36603640795448,3.73443983402491,4.9,6.5,4.05,-0.8899999999999997,0.7920999999999995,0.8899999999999997,0.01500000000000012,-2.18,3.91,7.5,2.19058322195476,3.0,0
2024,11,3.18,2024-11-01,3.93,3.4,4.0,4.23729540909598,3.52237021430616,4.9,6.0,4.0,-0.8199999999999998,0.6723999999999998,0.8199999999999998,0.03000000000000025,-2.55,3.82,7.5,1.92469271920899,2.7,0
2024,12,3.35,2024-12-01,3.81,3.3,3.81,4.53769107309914,3.7037037037037,5.0,6.0,4.0,-0.6499999999999999,0.4224999999999999,0.6499999999999999,-0.1200000000000001,-1.88,3.45,7.25,1.85378858514345,2.425,0
2025,1,3.56,2025-01-01,4.0,4.0,4.0,3.95942728547667,3.75016323108104,5.0,5.75,4.0,-0.4399999999999999,0.1936,0.4399999999999999,0.1899999999999999,-1.44,3.57,7.0,1.39291171371747,2.33,0
2025,2,3.58,2025-02-01,4.0,4.0,4.0,4.53018492547536,4.24067850856136,4.8,5.75,4.0,-0.4199999999999999,0.1763999999999999,0.4199999999999999,0.0,-1.95,3.46,7.0,4.7093457382438,4.76,0
2025,3,3.71,2025-03-01,4.0,4.0,4.0,5.67170020547274,4.3568134838607,4.5,5.75,3.9,-0.1899999999999999,0.03609999999999998,0.1899999999999999,0.0,-2.02,3.25,7.0,4.19438174280982,4.8,0
2025,4,3.84,2025-04-01,4.0,4.0,4.0,5.67170020547274,4.45151033386328,4.3,5.75,4.0,-0.1600000000000001,0.02560000000000005,0.1600000000000001,0.0,-1.925,3.13,7.0,4.30595727515384,4.8,0
2025,5,3.56,2025-05-01,3.78,3.775,4.0,0.958872835197799,5.08474576271187,4.2,5.75,3.83,-0.27,0.0729,0.27,-0.2200000000000002,-1.34,3.03,7.0,4.7093457382438,4.9,0
2025,6,3.4,2025-06-01,4.0,3.8,4.0,0.127197416913982,5.10067114093961,4.0,5.75,3.65,-0.25,0.0625,0.25,0.2200000000000002,-1.05,3.16,7.0,3.25028108451417,4.975,0
2025,7,3.71,2025-07-01,3.895,3.775,4.0,1.06487068262613,4.38960354888357,3.6,5.75,3.9,-0.1899999999999999,0.03609999999999998,0.1899999999999999,-0.105,-0.4799999999999995,3.45,7.0,4.36603640795448,4.8,0
2025,8,3.71,2025-08-01,3.85,3.725,4.0,2.32869117119467,3.74592833876222,3.02,5.75,3.975,-0.2650000000000001,0.07022500000000007,0.2650000000000001,-0.04499999999999993,-0.5800000000000001,3.54,7.0,3.68800048063307,4.8,0
2025,9,3.76,2025-09-01,3.85,3.8,4.0,4.36711131404715,4.22049826132331,3.0,5.75,3.885,-0.125,0.015625,0.125,0.0,-1.01,3.42,7.0,3.33610841708651,4.975,0
2025,10,4.23,2025-10-01,3.89,3.87,4.0,4.36711131404715,3.97690366556614,2.75,5.5,3.9,0.3300000000000005,0.1089000000000003,0.3300000000000005,0.04000000000000004,-0.8899999999999997,3.29,6.75,4.7093457382438,4.9,0
2025,11,4.8,2025-11-01,4.0,4.145,4.0,5.90815694204364,3.81679389312977,2.55,5.25,3.93,0.8699999999999997,0.7568999999999995,0.8699999999999997,0.1099999999999999,-0.8199999999999998,3.16,6.5,4.36603640795448,4.9,0
2025,12,4.5,2025-12-01,4.25,4.64,4.25,5.18247937118814,4.51010886469674,2.3,5.25,3.81,0.69,0.4760999999999999,0.69,0.25,-0.6499999999999999,3.18,6.0,4.23729540909598,4.9,0
2026,1,4.65,2026-01-01,4.07,4.275,4.0,4.8915146871816,4.0123839009288,4.0,5.25,4.0,0.6500000000000004,0.4225000000000005,0.6500000000000004,-0.1799999999999997,-0.4399999999999999,3.35,6.0,4.53769107309914,5.0,0
2026,2,4.4,2026-02-01,4.08,4.3,4.0,3.46979234955413,5.14469453376207,4.0,5.25,4.0,0.4000000000000004,0.1600000000000003,0.4000000000000004,0.009999999999999787,-0.4199999999999999,3.56,5.75,3.95942728547667,5.0,0
2026,3,4.63,2026-03-01,4.45,4.645,4.055,2.67994660642776,6.04765098170709,3.95,5.25,4.0,0.6299999999999999,0.3968999999999999,0.6299999999999999,0.3700000000000001,-0.1899999999999999,3.58,5.75,4.53018492547536,4.8,0
