Unnamed: 0,Banco Central de la República Dominicana,Unnamed: 2,Unnamed: 3,Unnamed: 4,Unnamed: 5,Unnamed: 6,Unnamed: 7,Unnamed: 8,Unnamed: 9,Unnamed: 10,Unnamed: 11,Unnamed: 12,Unnamed: 13,Unnamed: 14,Unnamed: 15
,Departamento de Cuentas Nacionales y Estadísticas Económicas,,,,,,,,,,,,,,
Indicador Mensual de Actividad Económica (IMAE),,,,,,,,,,,,,,,
Índices de volumen encadenados (promedio 2018 = 100),,,,,,,,,,,,,,,
,,,,,,,,,,,,,,,
Período,,Serie Original,,,,Serie Desestacionalizada,,,,,Serie Tendencia-Ciclo,,,,
,,Índice,Variación porcentual (%),,,Índice,Variación porcentual (%),,,,Índice,,Variación porcentual (%),,
,,,Interanual,Acumulada,Promedio 12 meses,,Respecto al período anterior,Interanual,Acumulada,Promedio 12 meses,,Respecto al período anterior,Interanual,Acumulada,Promedio 12 meses
,Enero,54.00396026,,,,55.2786703804708,,,,,55.6942155560237,,,,
,Febrero,55.85555807,,,,56.1928166014634,,,,,55.9473349616908,,,,
,Marzo,58.68052803,,,,56.728432594768,,,,,56.3575386346473,,,,
,Abril,55.85902183,,,,53.1312449745941,,,,,56.8517938566429,,,,
,Mayo,60.61766792,,,,59.4499285779839,,,,,57.4838410793121,,,,
,Junio,57.44812815,,,,57.4900247982108,,,,,58.2724515467783,,,,
,Julio,58.87031841,,,,58.7604123709623,,,,,59.1199537257536,,,,
,Agosto,59.52835115,,,,60.9888226534768,,,,,59.8855620111179,,,,
,Septiembre,57.21236859,,,,61.2171702306031,,,,,60.4811033271485,,,,
,Octubre,60.44619547,,,,60.2430625027281,,,,,60.8118952969837,,,,
,Noviembre,60.79128351,,,,61.0716907945652,,,,,60.885022708463,,,,
,Diciembre,61.23713126,,,,59.9954337661911,,,,,60.8309973458219,,,,
Promedio 2007,,58.3792093875,,,,58.37897585383481,,,,,58.551809170865305,,,,
,Enero,60.2167524,11.504326923597347,11.504326923597347,,61.5358632488252,2.5675778737384007,11.319362107097604,11.319362107097604,,60.7935775598801,-0.06151433902861925,9.155999331253483,9.155999331253483,
,Febrero,60.65724247,8.596609837793352,10.025964711509388,,60.925850275286,-0.9913129374208438,8.422844698087872,9.85922664148022,,60.8937653570916,0.16479996939284547,8.841226125941134,8.99825589368109,
,Marzo,62.11386957,5.8509043038002915,8.572335413471748,,60.0508076208143,-1.4362420065012316,5.856631100279543,8.509279673999188,,61.0867586111799,0.3169343412360064,8.39145940561923,8.794697906004728,
,Abril,63.92988012,14.448620877326945,10.035102441215727,,61.3345569508754,2.137771964978768,15.439713449598074,10.17295218689651,,61.1800696812581,0.15275171280919153,7.613261659833199,8.495980956249994,
,Mayo,62.97404143,3.887271798561784,8.727575166112246,,61.7127401324496,0.6165907122751264,3.8062477257604144,8.824926501572321,,61.1049980058371,-0.12270609662935783,6.299434516786718,8.048760279242728,
,Junio,61.05015591,6.270052438601525,8.315328260472327,,61.1395721680343,-0.9287676469804325,6.348140190638915,8.403990456816786,,60.8427032288658,-0.4292525743086486,4.410749185700951,7.426354645010932,
,Julio,61.89969489,5.145846942600201,7.850409204195373,,61.9477232821901,1.3218134924704685,5.424248712051025,7.962990585723958,,60.4128913634131,-0.706431244246204,2.186973358702545,6.651446072521978,
,Agosto,57.69629758,-3.077615177654721,6.438869290445965,,59.1710142674537,-4.482342316420045,-2.9805598910335362,6.505775300584915,,59.9381074040874,-0.7858984210334228,0.08774300717048789,5.796223720481763,
,Septiembre,54.62506714,-4.5222764128878055,5.2284035937582445,,58.5794179495229,-0.9998076342865829,-4.308843860544158,5.230751149579447,,59.5040275555939,-0.7242134716851183,-1.615505865145181,4.934322295258056,
,Octubre,60.37130376,-0.12389813687640583,4.669174693410412,,60.2502223199838,2.852203775566025,0.011884882604334734,4.688195463536985,,59.1979437924627,-0.5143916734799632,-2.654006254268239,4.1399409538805685,
,Noviembre,57.2469047,-5.830406277598925,3.6707863878863094,,57.3838930986359,-4.757375343986396,-6.038473223763248,3.6654908110351556,,59.0775850825707,-0.20331569338617328,-2.9686079523151108,3.465571329935642,
,Diciembre,60.66390093,-0.9360829258414896,3.2680867170299592,,59.3342914657374,3.3988603104167225,-1.1019876996476796,3.257200359098661,,59.0551343885265,-0.038002051053410923,-2.9193388811294483,2.9127838903406484,
Promedio 2008,,60.287092574999996,3.2680867170299592,3.2680867170299592,3.2680867170299592,60.28049606498404,,3.257200359098661,3.257200359098661,3.257200359098661,60.25729683589726,,2.91278389034062,2.9127838903406484,2.9127838903406484
,Enero,58.06515475,-3.5730881594338513,-3.5730881594338513,2.055880428641842,59.4517245201283,0.19791768215300465,-3.386868435191232,-3.386868435191232,2.048218804503236,59.0611572270081,0.01019867035097377,-2.8496765652023157,-2.8496765652023157,1.9264750170685971
,Febrero,58.52408183,-3.5167451620555,-3.5448139979225743,1.0674166851078581,58.7072278508131,-1.2522709396985476,-3.641512452347129,-3.513556220428555,1.0576041626694206,59.1196341076046,0.099010726071171,-2.9134858701596045,-2.881607485465068,0.9700888527965077
,Marzo,61.15812783,-1.538692962805868,-2.86385113353694,0.4484318357395978,59.0183023014093,0.5298741943440319,-1.7193862336118144,-2.92323312346241,0.4434956649008228,59.2778249819613,0.26757755988269594,-2.9612532574081314,-2.90822669466597,0.05232173235285131
,Abril,62.52247358,-2.201484716314525,-2.692356752993348,-0.8674114158426107,60.1359720226046,1.8937679967263392,-1.9541755706017057,-2.679487263849296,-0.8618221421362193,59.5904481505756,0.527386368695943,-2.5982669502736258,-2.8304934111303908,-0.7679577367716064
,Mayo,60.59680802,-3.7749417950926016,-2.9123521138734816,-1.51712211127726,59.1532412286494,-1.6341812743723523,-4.147440055824674,-2.9759640378674277,-1.523980421941701,60.0370895233058,0.7495183986561358,-1.7476614309508562,-2.6135963214289575,-1.4105828366646307
,Junio,60.76907046,-0.4604172517010028,-2.50880916359381,-2.042269046920083,60.9119934757892,2.973213657627923,-0.37222813993467696,-2.5418446937743795,-2.048209994009511,60.5318898680342,0.8241577808936142,-0.5108473889834357,-2.2639481263896073,-1.801398249949031
,Julio,61.38976905,-0.8237937859082791,-2.267838959023834,-2.517291409889637,61.6283050114635,1.1759778243984158,-0.5156255206854752,-2.2490171891950865,-2.5182480840490484,61.0445939738509,0.8469983457223123,1.045642074367521,-1.794947448416309,-1.8888826021529752
,Agosto,59.63981812,3.368535974609415,-1.6048974357326529,-2.006564383812943,61.1786932746394,-0.7295539553464465,3.39301097343197,-1.5646544937907407,-2.000724453829889,61.5066319371899,0.7568859636234464,2.616907007970596,-1.2511188729691156,-1.6808679393892731
,Septiembre,57.92197824,6.035527776195252,-0.8393305520231706,-1.205025735119989,61.9019272571978,1.182166443653344,5.671803210024834,-0.7888320482284144,-1.1889304922876818,61.9046552138511,0.6471225364244475,4.0343952449509715,-0.6748377880600174,-1.2193342081810101
,Octubre,62.48766211,3.5055700609239153,-0.40614730802138865,-0.9039729825132383,62.4769529395057,0.9289301767919369,3.6958048182725918,-0.3434329511115948,-0.883913245897574,62.3178842590018,0.6675249926248625,5.270352763395053,-0.09307030503372005,-0.5705931135808981
,Noviembre,62.71423054,9.550430488165773,0.4538397460205772,0.336280739223227,62.5825244484824,0.1689767250315839,9.059391179526102,0.4691347112044184,0.3389459776896615,62.838182491975,0.8349099767424093,6.365523242272417,0.48153734049873265,0.19613365577740183
,Diciembre,64.9153675099999,7.008231443780161,1.003452926921966,1.003452926921966,63.3460855900246,1.220086834577529,6.761341587105349,0.9852547128477198,0.9852547128477198,63.4557137829018,0.9827325782467966,7.451645720461315,1.0507916171526688,1.0507916171526688
Promedio 2009,,60.89204516999999,1.003452926921966,1.003452926921966,1.003452926921966,60.87441249339228,,0.9852547128477198,0.9852547128477198,0.9852547128477198,60.89047545977167,,1.0507916171526688,1.0507916171526688,1.0507916171526688
,Enero,60.37279092,3.97421858244509,3.97421858244509,1.6246735544865913,61.8308555673887,-2.3919868268458657,4.0017864350678565,4.0017864350678565,1.6068985368921034,64.1353216255884,1.0709955056399139,8.591373140687338,8.591373140687338,1.9968982523698457
,Febrero,64.6020962,10.385492911542542,7.192474010451221,2.771265114611765,64.7163115460635,4.666692628132836,10.235679515511606,7.0990936989499716,2.756082256379713,64.7385125338725,0.940497206524384,9.50425101759069,9.048037929084686,3.0292263938589628
,Marzo,68.24462559,11.587172484576698,8.704572555186402,3.8947229030061408,66.1297877777459,2.1841112355056396,12.049627317332707,8.748132059902701,3.894257497005711,65.1845641350049,0.6890050198466042,9.964500476933935,9.354170748338817,4.111808139256581
,Abril,67.95597553,8.69047822147921,8.700904959560546,4.856741592978182,65.8563383091728,-0.4135042282188124,9.512386836314818,8.94179679782114,4.865981166309368,65.4824609829152,0.45700520033133785,9.887512202377508,9.48824449520167,5.165589406135538
,Mayo,66.06493546,9.023787916675815,8.765936018419083,5.9710465197475315,64.3699474917247,-2.257020137484716,8.818969433831668,8.917289349331497,5.972106457144832,65.6811971983076,0.30349533662801775,9.401034793351883,9.470620595174935,6.111896533462087
,Junio,65.74985285,8.196245807772385,8.670205583137161,6.710209683997533,66.0843359200709,2.6633366891694266,8.491500850875227,8.844717470941063,6.730253660471192,65.8587643783585,0.27034705155386973,8.80011267108533,9.35712768699075,6.903258441285189
,Julio,65.3038042099999,6.375712468981675,8.337227057761382,7.334929019295842,65.7668485021688,-0.48042764367959023,6.7153290844774745,8.531523013264518,7.35787012633628,66.1213826165793,0.39875974093904176,8.316524547453113,9.20539884758466,7.518475097700517
,Agosto,65.09496018,9.146812032564938,8.437262217292925,7.8057500418029235,66.5768821989063,1.2316747954112373,8.823642080803708,8.568740847482914,7.810942181711809,66.4930116901004,0.5620406876185342,8.107060321564276,9.064708662444758,7.978713293689864
,Septiembre,63.28075726,9.251719611156716,8.524528390630763,8.056771896725053,67.1635974465014,0.8812597229203476,8.500010294415802,8.560892382827959,8.044532066536263,66.9386713119767,0.6702352781873628,8.13188617356073,8.95818065604442,8.318139714046353
,Octubre,67.27817077,7.6663272368344195,8.435605804382988,8.404024272592792,67.3898422105609,0.33685623263362174,7.863522530959827,8.488824712701913,8.392111344813387,67.4057361356019,0.6977503653282469,8.164352716877033,8.876330311817199,8.554587105818825
,Noviembre,68.02752415,8.47222961080756,8.4390555958894,8.319571795016458,67.5631566152239,0.25718179324634605,7.958503129482295,8.439077250453565,8.302050631032955,67.766816918315,0.5356825745314922,7.8433752073740095,8.779048981296825,8.671116194107768
,Diciembre,70.1166000399999,8.012328558717272,8.401145413523281,8.401145413523281,68.3790616900631,1.207618346617238,7.9452045902439465,8.396250143350585,8.396250143350585,68.0043162675829,0.3504655524165514,7.168152737581707,8.639152210081377,8.639152210081377
Promedio 2010,,66.00767442999997,8.401145413523281,8.401145413523281,8.401145413523281,65.98558043963256,,8.396250143350585,8.396250143350613,8.396250143350585,66.1508963161836,,8.639152210081406,8.639152210081406,8.639152210081377
,Enero,63.98339504,5.980515502065174,5.980515502065174,8.552452596775211,65.4378970137917,-4.301265041633073,5.833723976974127,5.833723976974127,8.536541011549389,68.1542764146216,0.22051563087354964,6.266367248448844,6.266367248448844,8.436154675641134
,Febrero,68.36121584,5.81888183374457,5.896963725939315,8.168370375644656,68.5544661326809,4.7626364249333335,5.930737545024485,5.883336784888769,8.173303033501924,68.1991793743099,0.0658842878987258,5.345607591195005,5.80383262301001,8.081109583400092
,Marzo,70.60465616,3.4581925676881724,5.03559614323386,7.457370066685499,68.5752983155547,0.030387783683536895,3.698046856021776,5.133310611232346,7.469915648155606,68.1599873086944,-0.057467063350429726,4.564613130690034,5.387576572334439,7.62497252465127
,Abril,68.44957822,0.7263565656298994,3.9143631314304486,6.746217442250412,66.6330069751487,-2.8323483646668137,1.1793377614311282,4.12611277439521,6.7554136986616555,68.0884557410323,-0.10494656834093519,3.9796835961877264,5.03236353522216,7.129035984829898
,Mayo,70.8420961199999,7.231007836058964,4.583943973178492,6.606224191948385,68.8400803439981,3.3122824093358787,6.94444073120934,4.687939351935128,6.6102240638284115,68.0138568939134,-0.10956166696250591,3.5514877851007043,4.733288825394808,6.639616810757403
,Junio,67.47432976,2.622784440193641,4.255829110283855,6.135742687138304,68.0491632564994,-1.148919471834489,2.9732118951833826,4.396627669823673,6.144483489808721,68.0028154205463,-0.01623415267320638,3.2555288007989844,4.484431187592293,6.176813101197894
,Julio,66.8262543099999,2.331334473416291,3.981601651878151,5.792161423251272,67.5237974116481,-0.7720386551573313,2.6714810721413187,4.1471359690990965,5.800481008986964,68.1054926174195,0.150989626294475,3.0007085791680055,4.269852627944573,5.7339958257364
,Agosto,66.8554653399999,2.704518376125847,3.8227682058580683,5.272267657182141,68.2741854076873,1.1112941285937694,2.5493882451720964,3.9430947758938117,5.280288575477911,68.2794334655437,0.25539914834962474,2.6866308654647213,4.0688326833031425,5.283747268992968
,Septiembre,65.2574725,3.1237224799291425,3.7473660920423413,4.800504782961795,68.9629969785529,1.0088902075542592,2.6791291718475776,3.7988412295507885,4.79887529508332,68.5062587391175,0.3322014581275994,2.3418263261229697,3.8731048161003656,4.804769519469147
,Octubre,67.16071339,-0.17458468126541504,3.343875774160125,4.143124779471989,67.2507860112876,-2.482796633385547,-0.20634593391510236,3.3873223884487373,4.122536261933178,68.7486443662951,0.3538153033588287,1.9922758917603574,3.680443684711747,4.296133447438223
,Noviembre,70.45428368,3.567320081573186,3.364929623166873,3.7483215583906144,69.7605983131334,3.732019282904048,3.2524260380906327,3.374724351740227,3.742701276270566,68.9952356889677,0.35868536019233943,1.812714284829724,3.5060582433572733,3.800486170880518
,Diciembre,71.1059135999999,1.4109548372790641,3.1919622753882066,3.1919622753882066,69.119120320841,-0.9195419876030826,1.082288367939782,3.1767585985756455,3.1767585985756455,69.2548637839509,0.37629858408428163,1.8389237404392986,3.3632378782141927,3.3632378782141927
Promedio 2011,,68.11461449666663,3.1919622753882066,3.1919622753882066,3.1919622753882066,68.08178304006864,,3.176758598575674,3.1767585985756455,3.1767585985756455,68.37570831786769,,3.3632378782141927,3.3632378782141927,3.3632378782141927
,Enero,67.3530663899999,5.266477885228355,5.266477885228355,3.147199087750181,68.735447821094,-0.5550888060583787,5.039206572618468,5.039206572618468,3.123444604602568,69.4913567492876,0.34148210308299554,1.9618436362404736,1.9618436362404736,3.010149816091115
,Febrero,69.87592673,2.2157459772880657,3.6906544267440324,2.8516608044935765,70.3649492641185,2.3706857155652727,2.6409411867252715,3.812182887733755,2.854755891109079,69.7448484554916,0.36478163337427816,2.2664042226935237,2.114174077340607,2.758160141351638
,Marzo,71.77202206,1.6533837334390142,2.98190194439438,2.6945230636496404,69.954389492823,-0.5834719922193585,2.011061141757324,3.2024485395089783,2.7130310973834355,70.0493020125102,0.43652479539457545,2.7718824172591923,2.3333742992070796,2.612912711332953
,Abril,68.86206187,0.6026094838367868,2.3818199314028448,2.682754715139879,67.2983379646149,-3.7968332615933917,0.9985006225433182,2.656923605352631,2.6965314247680965,70.3436730293577,0.4202340471500179,3.3121874534838724,2.5778549004708253,2.5609998993479337
,Mayo,72.97074639,3.0047816010333435,2.5107697592670775,2.3387210992248555,70.6231601206697,4.940422388741553,2.590176780389328,2.6433309931904887,2.3486113235292123,70.5054980494783,0.23004914749485295,3.6634316437182974,2.7946219173218196,2.573264049264921
,Junio,69.76771238,3.3988964813097766,2.657031711244187,2.4040727111851083,70.7021236840355,0.11180972818389989,3.8985937527787513,2.853677465547804,2.4279738751440334,70.4983409347193,-0.01015114417600671,3.6697385229420973,2.9402599210853566,2.6097837907931734
,Julio,69.92311879,4.634203296258505,2.9342939519899573,2.5938466887309772,70.7342693496929,0.04546633676953604,4.754578476196556,3.124691695460811,2.60200726583264,70.3489287113289,-0.211937219244291,3.294060446066865,2.9908043782952376,2.6353016549202124
,Agosto,69.2711769,3.61333444874667,3.0178379707549254,2.6689041401434253,70.5664050287403,-0.23731682322568304,3.3573738117348597,3.154008057937858,2.6698019002199658,70.1734004186857,-0.2495109674853211,2.7738469067669627,2.963623390802141,2.6427199057863504
,Septiembre,65.8185778099999,0.8598330405761345,2.7864654007998553,2.4885321359068513,69.1903332721143,-1.9500380614055075,0.3296496723193627,2.835147561183149,2.4708166922012538,70.1061876924322,-0.09578091677541067,2.3354493191746,2.8934796725238243,2.641607432712533
,Octubre,69.35167178,3.26226193768548,2.8337487941718678,2.7724945812252884,69.3089262629853,0.17140109790277336,3.060395831436452,2.857486575695418,2.741150059376693,70.1682431578847,0.0885163884887703,2.0649116861503956,2.8099879547230984,2.646645905722437
,Noviembre,72.0241877499999,2.2282592171830657,2.776585347604083,2.6592960246482704,71.1752013426784,2.692690798024671,2.0277965839617735,2.780093087505392,2.637862734454856,70.3746750377402,0.29419559413936724,1.9993255113890172,2.7355366061245547,2.6611112743757417
,Diciembre,73.0727564,2.7660748599116687,2.7756710090351078,2.7756710090351078,71.0334288616525,-0.19918802947017866,2.7695788544841946,2.7792035512926816,2.7792035512926816,70.6998631233841,0.46208111862613066,2.0864951001002225,2.6807543813212646,2.6807543813212646
Promedio 2012,,70.00525210416663,2.7756710090351078,2.7756710090351078,2.7756710090351078,69.97391437210162,,2.7792035512926816,2.7792035512926816,2.7792035512926816,70.20869311435838,,2.6807543813212646,2.6807543813212646,2.6807543813212646
,Enero,69.6306019099999,3.3814874987460968,3.3814874987460968,2.6312087515366613,70.8920957101051,-0.1989670973404145,3.1376065150902264,3.1376065150902264,2.628943865668873,71.0564460896679,0.5043616076901003,2.252207200424735,2.252207200424735,2.7041365312898904
,Febrero,70.88246856,1.4404700976478892,2.393136665462677,2.5645601941475746,71.8174268458214,1.305267006776333,2.0642061095659443,2.5946190998312346,2.5796059080271476,71.3667230838783,0.4366626974544374,2.325440035075445,2.2888902811447878,2.7083154128313396
,Marzo,72.36784574,0.8301614792208625,1.8564029589322502,2.4915142614781303,70.8146083227533,-1.3963442678348201,1.22968527946135,2.1378818317446076,2.512275166136874,71.6500227815436,0.39696329805185826,2.2851345024787406,2.2876331961341236,2.6671460758869188
,Abril,73.73655477,7.078633383360227,3.150614332405425,3.0318782024640853,72.3177485994761,2.1226415175127613,7.458446652130377,3.4335616618081986,3.0385688848771935,71.990168992509,0.47473287203618497,2.3406454230277802,2.3009689815906853,2.58631920655273
,Mayo,75.35112644,3.2621018254052103,3.1738028764790442,3.0545415064218986,72.7330703187714,0.574301229419504,2.9875612964594325,3.3427832524236294,3.071580717358131,72.4810546181441,0.681878696084425,2.8019893814230272,2.4018578538241684,2.516378579892347
,Junio,71.31597942,2.2191741526039124,3.0154528549862363,2.9561223757994526,72.4504863887475,-0.3885219320254123,2.47285741023191,3.195527365450829,2.9525701725223286,73.1082943203883,0.8653843484324568,3.702148662031334,2.619787356550532,2.522580331103214
,Julio,72.81903871,4.141577163766556,3.1759791875061865,2.920940001078563,73.6292937741665,1.627052410792487,4.092817316259129,3.325477204927793,2.903249586486993,73.7178484983903,0.8337688406881796,4.788871485002261,2.9305783038773683,2.65062707999148
,Agosto,73.71745009,6.4186482588835645,3.5772388793935477,3.1560156498841963,74.9418910637241,1.782710687927505,6.200522802885786,3.6884275163281472,3.1450411997233374,74.2601819629922,0.7356881347585045,5.823832848234446,3.2923845492377666,2.9067181673500926
,Septiembre,71.64577982,8.853430450626917,4.132327477575217,3.7850658654099476,74.7252356805489,-0.28909783313443427,7.999531360351654,4.163278255861229,3.780354252455325,74.6877910294473,0.5758255031857971,6.535233889931888,3.6525265689121795,3.256868237508016
,Octubre,77.40969376,11.619073878365825,4.8794407442628795,4.476512687983927,77.1509615455137,3.2461936625195733,11.314610837819998,4.873911335876869,4.462608696466887,75.0004158060576,0.41857547572541876,6.886552136270652,3.9760456140323015,3.6577757118797507
,Noviembre,75.8685548,5.337605560154486,4.922464691319831,4.739511860545932,75.0729098130673,-2.6934877943426443,5.476216992521145,4.929683180992555,4.751467159774947,75.2459723731115,0.3274069409013407,6.9219464711687095,4.244658750913118,4.066950322439709
,Diciembre,76.7727986,5.06350435139737,4.934733005022281,4.934733005022281,74.6219053350245,-0.6007552913105627,5.051813675447164,4.940014826086696,4.940014826086696,75.4680497846446,0.2951352803734437,6.744265760372329,4.454416576228695,4.454416576228695
Promedio 2013,,73.45982438499999,4.934733005022281,4.934733005022281,4.934733005022281,73.43063611647665,,4.940014826086696,4.940014826086696,4.940014826086696,73.33608077839789,,4.454416576228667,4.454416576228695,4.454416576228695
,Enero,75.66790502,8.670473820983986,8.670473820983986,5.367738070059076,76.8036465503767,2.92372756438877,8.338801076561992,8.338801076561992,5.373392728773879,75.76692140466,0.3960240404624784,6.629201957339433,6.629201957339433,4.818802532068474
,Febrero,74.12675841,4.576998961673851,6.605501487480339,5.626672912458815,75.5738550139126,-1.6012150356135066,5.230524585843995,6.774585770598463,5.637345481202601,76.2024932154478,0.5748838711044897,6.775945318220593,6.70273348216908,5.189592752649958
,Marzo,78.19442446,8.051336419400215,7.097006133277091,6.242500100358853,76.8202813077101,1.6492824053609922,8.480839091257295,7.340459333013328,6.241138942965293,76.6910840236714,0.6411743075678515,7.035672908992183,6.814167881305593,5.585828002801449
,Abril,78.30960905,6.201882220106896,6.866722357400718,6.1711386001719575,76.9120279292982,0.1194302077866638,6.352907023235758,7.09060945168136,6.154184067425092,77.1564920471654,0.6068606662938265,7.176428569286998,6.9053337267348525,5.98960950955491
,Mayo,80.83020347,7.271393659075343,6.950962920356886,6.517920562081869,78.1181480927079,1.5681814611863132,7.403891723991592,7.154155389718753,6.523662851004502,77.642486095621,0.6298809543576738,7.12107667951183,6.948946947481957,6.350109699670895
,Junio,77.11156914,8.126635527036825,7.144471408552192,7.004162367028613,78.4318763231953,0.4016073577615771,8.255831302985953,7.339334613630257,7.00652401949273,78.1479955140347,0.6510731995252428,6.893473908118452,6.93955157199666,6.615364441609458
,Julio,77.54881852,6.495251645433314,7.051060578023979,7.1947823907194675,78.3194438422671,-0.1433504924259239,6.369951180689142,7.197901246762768,7.192554054221617,78.7167136483057,0.7277450055246106,6.781078465718608,6.916435273973633,6.779571543281165
,Agosto,77.43084472,5.037334614079029,6.795038932659665,7.072378878168763,78.5016382526618,0.23262985723140162,4.750009825493734,6.881388683413789,7.061153133953923,79.3805155514668,0.8432794922395743,6.895126638696269,6.913705289135123,6.867434910713783
,Septiembre,77.69831158,8.447855233352385,6.976809215503039,7.050807251090532,80.5881794462873,2.6579587892291414,7.846002374355194,6.991550043083734,7.053901607098538,80.0705898234277,0.869324502577058,7.20706653629388,6.947191278715479,6.923647777762227
,Octubre,81.93660036,5.847984122034063,6.8569233362187845,6.5817688813846615,81.4697278640167,1.0938929552527696,5.597812693436396,6.844547756758871,6.587319831319462,80.7140206378187,0.8035794613351754,7.618097540333395,7.016184753768599,6.986477932011283
,Noviembre,80.55994845,6.183581145531463,6.793442987878805,6.649436592349161,79.8232555943527,-2.020962034403965,6.327643078060845,6.7964345041859815,6.6552205765864585,81.2333568091282,0.6434274580867054,7.957082947015294,7.104181132599052,7.07510882436047
,Diciembre,84.78963165,10.442283199508111,7.111226298956481,7.111226298956481,82.5291056417361,3.389801665236547,10.596352734778364,7.118231546810819,7.118231546810819,81.6438280994861,0.5052989393536649,8.1833018508689,7.196722138365047,7.196722138365047
Promedio 2014,,78.68371873583335,7.111226298956481,7.111226298956481,7.111226298956481,78.65759882154354,,7.118231546810819,7.11823154681079,7.118231546810819,78.61387473918613,,7.196722138365061,7.196722138365047,7.196722138365047
,Enero,81.04212151,7.10237251656369,7.10237251656369,6.988145175465547,82.102919766482,-0.5164067536417889,6.899767724738723,6.899767724738723,7.001773453853559,81.9379707813988,0.36027546571466473,8.144780416482988,8.144780416482988,7.323490440374542
,Febrero,79.49160386,7.237393844105114,7.169188603984168,7.200745198930576,81.4067342283349,-0.8479424850263513,7.718117877338003,7.305640475953638,7.205339008574313,82.2326953985868,0.35969235554330226,7.913392237823189,8.028754726981362,7.417949132113023
,Marzo,83.62945534,6.950662937330378,7.0942398909037365,7.1102833040853,82.1382354984933,0.8985758697881607,6.922591404581937,7.1772538177202705,7.080406324192197,82.6171503672001,0.4675208160815174,7.727190740581477,7.927612338345469,7.475075239852231
,Abril,85.135437,8.71646281063893,7.508984203907801,7.32417793794599,83.8479845242772,2.081550711927889,9.018038896796355,7.639762722753844,7.304092153756912,83.0941070560563,0.5773095377125941,7.695548166266121,7.869063408781358,7.517874879139683
,Mayo,86.35559237,6.835797341584993,7.368426805590971,7.28502562538867,83.8194509151627,-0.034030166946024565,7.298307706537926,7.570340826438596,7.295589260127429,83.6029905518335,0.6124182734569956,7.676859353617061,7.830146126554638,7.563296605515646
,Junio,82.00904419,6.35115470301011,7.199455220351098,7.14032833243941,83.3405176998379,-0.571386724794408,6.258477556262321,7.347948714724154,7.1302602900053245,84.1425355224785,0.6453656347502204,7.670753381469936,7.803161677048706,7.6263382538226665
,Julio,84.80002779,9.350509019205617,7.507345546622318,7.378411538301208,85.5928342932244,2.7025469190130593,9.286825970835125,7.628646690145786,7.375365427455989,84.6642661593735,0.620055758547494,7.555641280504361,7.767101858362864,7.688356320304379
,Agosto,83.43290297,7.751508164096904,7.5378770437732925,7.5971798062523845,84.3572708408653,-1.443536088694401,7.459248900458377,7.607180324297829,7.596128336717854,85.057575002369,0.46455117470118523,7.151703930697522,7.688273015126555,7.706077779186344
,Septiembre,82.62675846,6.343055311987783,7.4046682989785495,7.42631047181257,85.4675534483399,1.3161670552015465,6.054701862702757,7.428467375206324,7.441968927114331,85.3634374042558,0.3595945474324651,6.610226791759558,7.5649194214341975,7.651538667736446
,Octubre,86.68773436,5.798549096649381,7.235702394344273,7.414291666467761,86.1641405902294,0.8150311010254256,5.762155894332025,7.254766544733712,7.447794013100847,85.643689739133,0.3283048848536936,6.107574696885408,7.414208642476822,7.520405716561456
,Noviembre,87.04161247,8.045764855501233,7.311636129070749,7.568367245559045,86.3130873025948,0.17286392151665098,8.13025184192216,7.335898612480406,7.59584034505167,85.9363623808453,0.341732873261023,5.789500466868077,7.261049739127785,7.335314845370149
,Diciembre,87.93062788,3.7044579259002006,6.9877113111873115,6.9877113111873115,85.1965898730573,-1.2935436147977128,3.2321739228593316,6.977089532039301,6.977089532039301,86.2563776291333,0.3723863093829607,5.649599776270435,7.121586503794617,7.121586503794617
Promedio 2015,,84.18190985,6.9877113111873115,6.9877113111873115,6.9877113111873115,84.14560991507493,,6.977089532039301,6.977089532039329,6.977089532039301,84.21242983272201,,7.121586503794617,7.121586503794603,7.121586503794617
,Enero,83.24803605,2.7219358265785303,2.7219358265785303,6.614510421555792,84.2590351524693,-1.100460384605725,2.626112922804367,2.626112922804367,6.606995960894707,86.7084080101048,0.524054444895711,5.822010458903094,5.822010458903094,6.927798614641418
,Febrero,85.61443219,7.702484328764442,5.188157722499611,6.656724912755038,87.8778189312471,4.294831731967392,7.949077879431556,5.276263436514242,6.633469386648059,87.3279733083249,0.7145388924080862,6.196170373646368,6.009426268410209,6.786240411266846
,Marzo,89.47001372,6.983853184568616,5.803209643975492,6.661278579406684,87.7333345827977,-0.16441503693036452,6.811808228345768,5.789709491312834,6.625595105878034,88.0360254714558,0.8107965137711659,6.559019622646105,6.193413620067204,6.691663791604441
,Abril,93.63827143,9.987420902062212,6.884977482646605,6.787655060003274,92.6792975646279,5.637495719671406,10.532528707107673,6.996631530604262,6.774033213570775,88.8215820422822,0.8923126261317833,6.892757127003108,6.369571572584107,6.628872234745813
,Mayo,91.6588346,6.141168260739491,6.730444978439067,6.726261759758785,89.3312547871551,-3.612503402000982,6.575805271703743,6.9112888785807485,6.714863656735304,89.5995617348556,0.8758903801139724,7.172675455077467,6.531952070642745,6.591986013943128
,Junio,89.45549557,9.0800367856354,7.117630041213047,6.953297061432622,91.0019519369861,1.8702268918215452,9.192928540163251,7.294155673407587,6.962661593075296,90.2598479077862,0.7369301368733545,7.270178331711293,6.6567768355061645,6.56417402457474
,Julio,89.28916619,5.293793548177803,6.852100195714783,6.621655280539613,90.1479945638037,-0.9383945673755534,5.321894418140431,7.004225549914082,6.6353391446244245,90.7166613666817,0.5061092717131714,7.148700959522955,6.728301801143203,6.535192481967428
,Agosto,90.1592784,8.062017729886023,7.003695796499997,6.654644275129186,90.9374601458279,0.8757439206985822,7.800381922473193,7.104977094325989,6.669245313861396,90.9519899504526,0.2594105429207616,6.929911824924972,6.7539981792684785,6.519687986872569
,Septiembre,89.08650947,7.817989148306225,7.093582714035989,6.775484051840024,92.0537873230016,1.227576815300921,7.706121924553159,7.173292728136559,6.807958896295702,90.9565540183887,0.005018106738049255,6.5521220609305715,6.731103868139485,6.5151905525991225
,Octubre,91.26531816,5.280543820640247,6.90540476307919,6.725965542333483,90.8243767424656,-1.3355350347750488,5.408556413739319,6.991891917298545,6.772602730261241,90.8447265046173,-0.12294607571521965,6.0728779683902445,6.663861710117928,6.5102157224246895
,Noviembre,91.1402018,4.7087699936770235,6.69808770424045,6.446033881391244,90.0697104874881,-0.8309071661646357,4.352321649350117,6.7454701128415735,6.457559281536064,90.8275683949661,-0.01888729297934333,5.69166052484789,6.573471051292714,6.4984878098743195
,Diciembre,94.03903419,6.946847142199658,6.719740786248423,6.719740786248423,90.5146402080172,0.4939837356210006,6.242092955696663,6.702998084045291,6.702998084045291,91.0474111441332,0.24204407654195847,5.55441075394954,6.486488197327361,6.486488197327361
Promedio 2016,,89.83871598083333,6.719740786248423,6.719740786248423,6.719740786248423,89.78588853549063,,6.702998084045291,6.702998084045291,6.702998084045291,89.67485915450409,,6.486488197327333,6.486488197327361,6.486488197327361
,Enero,87.75082212,5.408879636866828,5.408879636866828,6.931975425890812,88.6317643518228,-2.0801892951982666,5.189626479155507,5.189626479155507,6.9077695444416065,91.5294180442221,0.5294020928566994,5.560026005269833,5.560026005269833,6.460992674182904
,Febrero,89.75740773,4.839108820818524,5.120001916418744,6.695916690669378,91.9987835940094,3.7988854975528312,4.689425287155132,4.934268089961137,6.633103632630721,92.1264252978689,0.6522572375128277,5.494747911533835,5.5272707641862695,6.399641995242817
,Marzo,95.1014568,6.294224004059984,5.526678093934237,6.637324127291393,93.390940294558,1.513233812625387,6.448638637371062,5.445526340089813,6.602963862106009,92.7332817120226,0.6587213301629617,5.335606889806499,5.462886550931856,6.295491837152525
,Abril,94.00501949,0.39166470546625476,4.160559537676619,5.794955489171045,93.7882623926537,0.4254396591816487,1.1965615376535226,4.328545352608117,5.798793729210885,93.1713525083389,0.4723986773990134,4.897199944024933,5.319694644074673,6.126982474715149
,Mayo,95.29715924,3.969420575635368,4.121068090348402,5.604980788385873,93.3224723514308,-0.4966400158612885,4.467884811184362,4.356714420685833,5.621563461020585,93.3682381976395,0.21131569307526377,4.20613269731858,5.09318812141268,5.8768466654425
,Junio,91.32815833,2.093401582616707,3.7808111259468973,5.031995556284798,93.0203317554199,-0.32375974231919713,2.217952225718662,3.9914716814412117,5.040884990688582,93.4409099726882,0.07783350789469523,3.524337940555739,4.82638968145703,5.561063011324947
,Julio,91.97045364,3.0029258468988758,3.6692115088586803,4.838322950232083,92.912817218645,-0.11558176018721156,3.066981875991104,3.857704752098016,4.848604970583054,93.5436013053733,0.10989975666450391,3.116230134688209,4.5767558301870395,5.221733730820048
,Agosto,94.91546085,5.275311132037629,3.8724367289270134,4.621101836087178,95.5757660410326,2.8660726281940896,5.1005448005329015,4.016004135259308,4.6347263936623335,93.7597156436051,0.23103059452063235,3.087041520127329,4.386570137594887,4.9001716398838795
,Septiembre,88.70222743,-0.4313582856553637,3.394142702667537,3.949355481438971,91.7104674070137,-4.044224591785579,-0.37295577506577615,3.514751793832275,3.9545687741873365,94.0558705425326,0.315865824565023,3.4074691566671618,4.275718727265044,4.6393505700186495
,Octubre,95.03719776,4.132872898538963,3.4696512166376436,3.856975255807967,94.8778237164829,3.4536475486624454,4.462950497872313,3.6107766703312336,3.8805221614371703,94.4368534191593,0.405060177986897,3.954139169937875,4.243049252040578,4.465853167714414
,Noviembre,96.77821726,6.186090603981967,3.7212471554147584,3.9858372906972193,95.3770888257814,0.5262189727184534,5.8925229242638295,3.8190175133927937,4.011569827731137,94.9428612861274,0.5358161021335377,4.530885240994053,4.269589447077649,4.373036921279635
,Diciembre,99.83058189,6.158663527209924,3.9338617642910236,3.9338617642910236,95.348111547753,-0.03038180173577132,5.339988457809383,3.946793845180821,3.946793845180821,95.5654148554942,0.6557139324994807,4.962253901111737,4.328194971084031,4.328194971084031
Promedio 2017,,93.37284687833333,3.9338617642910236,3.9338617642910236,3.9338617642910236,93.32955245805027,,3.946793845180821,3.946793845180821,3.946793845180821,93.55616189875603,,4.328194971084031,4.328194971084031,4.328194971084031
,Enero,95.12044562501521,8.39835266151374,8.39835266151374,4.18231780596912,95.6269026246495,0.292392866907349,7.892360401469148,7.892360401469148,4.173251488550392,96.3228175370646,0.7925489390860463,5.237004228003045,5.237004228003045,4.306336424310047
,Febrero,94.68730753462656,5.492471239205372,6.928987641888654,4.238786565929999,96.5558357734052,0.9714140302148166,4.953383078961224,6.3954799360331975,4.19757263909581,97.2287716925419,0.9405395093729396,5.538417862383966,5.388200945549528,4.3152942696930126
,Marzo,101.06712807855953,6.272954673139708,6.700126768294837,4.247531387937741,99.6388671865943,3.1930037045345188,6.690078151403256,6.495883756621069,4.229896283418853,98.2537643130706,1.0542071062770901,5.953075852735921,5.57772614445129,4.372201586182413
,Abril,98.78366596089812,5.08339501105732,6.2855746573078335,4.649863802558542,99.4746641601551,-0.16479816669502156,6.063020704760163,6.3855074726369025,4.644517542385756,99.2636788975749,1.0278635038209387,6.538840775860507,5.820036552519255,4.514001467935529
,Mayo,100.54051497553124,5.50211126684917,6.123938117796499,4.780830925780805,98.7441977891628,-0.7343240383463296,5.809667597869719,6.268970830621285,4.758054092597291,100.122245934151,0.8649357409591829,7.233731584626014,6.105165147922634,4.770271597778802
,Junio,99.45896553721194,8.902848098428251,6.582677037287581,5.3425233222055795,101.446657465306,2.7368288331365704,9.058584882326159,6.737236874582692,5.332542786177612,100.673412700356,0.550493809904637,7.7401886708742325,6.379763326444916,5.124237641723255
,Julio,100.45647564759354,9.22690023995139,6.959593432807452,5.856782740550031,101.684180848465,0.2341362338529791,9.440423713747691,7.125390399063477,5.864480140414116,100.940695696754,0.2654951185508736,7.907643375021323,6.599674841029412,5.524883106306248
,Agosto,100.69497707239319,6.089119908006197,6.847961896200076,5.924143097182011,101.354653720252,-0.3240692165323935,6.0463943095558506,6.986526723819523,5.943005263604078,101.069502420788,0.12760633671571497,7.796297937771584,6.750540947410187,5.917436558348925
,Septiembre,97.26934683430993,9.658291175462026,7.148726852338825,6.736084503285184,100.274097868646,-1.0661137026706626,9.337680532830191,7.244961433326779,6.750355069265197,101.125428446883,0.05533422521679654,7.516338813911162,6.8365207822402,6.258455635365138
,Octubre,100.57583195833452,5.8278593317969865,7.012850400272399,6.872479162432526,100.696749379043,0.42149619830102836,6.133072444777412,7.131433380790341,6.884779118811252,101.205019573577,0.07870535424807201,7.1668696164378645,6.869988121307344,6.523367654569796
,Noviembre,103.50822562458077,6.954052838667437,7.007275169800934,6.935682935196013,101.629705154577,0.9265003898211006,6.555679572288909,7.077838443442914,6.936776761459299,101.38005289254,0.17294924668804867,6.7800691059994165,6.86167627463756,6.707013151422373
,Diciembre,107.8371151509453,8.020120798021011,7.097516401424457,7.097516401424457,102.513972004497,0.8700869972760898,7.515471822590982,7.11509666368957,7.11509666368957,101.820877227173,0.4348235397946212,6.5457387289510365,6.8347827114476445,6.8347827114476445
Promedio 2018,,99.99999999999999,7.097516401424457,7.097516401424457,7.097516401424457,99.97004033122941,,7.11509666368957,7.11509666368957,7.11509666368957,99.95052227770617,,6.8347827114476445,6.8347827114476445,6.8347827114476445
,Enero,102.09844738245775,7.335964115381984,7.335964115381984,7.016416341657148,102.125648552208,-0.37880051342851573,6.7959389556588405,6.7959389556588405,7.026884817556777,102.48579018904,0.6530222288141658,6.398247901753834,6.398247901753834,6.9271982236522405
,Febrero,100.61275414087842,6.257910126006024,6.79816717120174,7.0737662354815996,101.717506793404,-0.3996466750420353,5.345788764246294,6.067359142008826,7.052019445812377,103.196460366083,0.6934328902886193,6.137780586606809,6.267404661361951,6.972395674649846
,Marzo,106.13333074654201,5.012710625401866,6.177794024421559,6.957719815997848,105.247723084294,3.470608356593047,5.6291847308901595,5.917749924875821,6.957124125294385,103.866935957999,0.6497079352698165,5.712932918318401,6.080708511692819,6.946719251674722
,Abril,102.78998917166646,4.0556535048559255,5.639802950662954,6.861104975733426,104.589697879299,-0.6252156205488433,5.142046733536731,5.72055199478379,6.872556757856003,104.450991752965,0.5623115667936531,5.225791460683823,5.863707919480547,6.830633719277984
,Mayo,107.43111374856781,6.8535542857658385,5.888745051331455,6.973181421008803,105.698677399326,1.0603142972138642,7.042924815706456,5.987012934300267,6.973538610492795,104.94520359344,0.4731518889201709,4.817068988305536,5.650365693987112,6.622768941694559
,Junio,101.04886892827926,1.5985521088820036,5.165108414572913,6.358787101532798,102.978933774228,-2.5731103661996713,1.5104256238762872,5.2192281418676885,6.327056946327403,105.33227957789,0.3688362795021476,4.627703335537703,5.476415615163631,6.359195337750023
,Julio,104.41906500900856,3.9445832992548873,4.987442750502154,5.924332366685519,106.109576460166,3.04008069534072,4.352098403876553,5.0920252753423085,5.90675826340852,105.675453627703,0.3258014078763267,4.690633344922816,5.361928328345741,6.0904218949286815
,Agosto,105.32904803228644,4.60208750686904,4.938374879690642,5.797292002553604,106.142642155106,0.031161838585248347,4.723994665374988,5.04507701067898,5.793069978833358,106.00011205812,0.3072221781614104,4.878434660540947,5.30037396367959,5.849614319295313
,Septiembre,102.73108541561784,5.615066574479542,5.012491452611243,5.491963024366456,105.55291786537,-0.5555960147235055,5.264390414799848,5.069653957859472,5.4727634979836495,106.262094115525,0.2471526230664267,5.079499535905626,5.275417524333818,5.650754777715633
,Octubre,105.60407390898854,4.999453499660916,5.011165101743671,5.423238051521608,106.105463445161,0.5234773144743912,5.3712896389122875,5.1001650879512965,5.411335904189144,106.134426447743,-0.12014412932913388,4.870713819270861,5.234303463946446,5.463581416966207
,Noviembre,107.91903412979258,4.261312063458206,4.940098817997111,5.1980535762064335,105.788865616627,-0.2983803267563445,4.092465343399354,5.0068192187139715,5.207406538218834,105.202068375881,-0.8784690350411921,3.769987659596353,5.099049828981279,5.214922377797109
,Diciembre,112.61155078664419,4.427451187854814,4.894030116727507,4.894030116727507,106.703741395508,0.8648129210463935,4.087022782442972,4.928219015255266,4.928219015255266,103.308538095019,-1.7998983385920866,1.4610568169893838,4.790210655870084,4.790210655870084
Promedio 2019,,104.89403011672749,4.894030116727507,4.894030116727507,4.894030116727507,104.89678286839141,,4.928219015255266,4.928219015255266,4.928219015255266,104.73836284645067,,4.790210655870112,4.790210655870084,4.790210655870084
,Enero,106.72601884387016,4.532460169622027,4.532460169622027,4.670999059022591,106.32338247774,-0.35646258771579653,4.110362073623492,4.110362073623492,4.710890503786985,100.604118726705,-2.6178081871864265,-1.8360315697075436,-1.8360315697075436,4.098432596974732
,Febrero,105.74336712822463,5.099366408519444,4.813835829213062,4.582648153963163,105.904574976079,-0.3938997160372253,4.116369260976143,4.113359653401517,4.610356977698274,97.6527358946604,-2.933660042350894,-5.37201029159003,-3.6101296605404514,3.1280952870036884
,Marzo,93.25329950371056,-12.135708125085003,-1.0108149790214895,3.090131477668592,92.8555518578743,-12.321491419187623,-11.77428913734758,-1.2965019021489468,3.109866468764949,95.0694514458211,-2.645378468070703,-8.469956710512164,-5.240808618712947,1.9297022941301805
,Abril,73.94403162682292,-28.06300280533037,-7.7660649614529405,0.39154475376119535,76.6969117886301,-17.401910543783956,-26.66877011429783,-7.711301191245141,0.39577336811045427,93.4862001794767,-1.665362787169002,-10.497546638351622,-6.567067708350066,0.6001018131910172
,Mayo,88.6113998405126,-17.517936146599894,-9.784411604973627,-1.702848000037477,86.4987222960807,12.779928524975716,-18.164801656607793,-9.838689155805895,-1.7346090823937885,93.2235818609266,-0.28091666796373715,-11.169278186283975,-7.497762792013745,-0.7504569599156525
,Junio,94.49561072743546,-6.48523656954049,-9.246804592860784,-2.362447759105436,96.3503759391114,11.38936319696029,-6.436809541696277,-9.275794760688797,-2.3956557148637927,94.0703833268301,0.9083554278860362,-10.691780616721658,-8.036678725212838,-2.040078022140861
,Julio,94.70966359213602,-9.298494883127788,-9.254254146628497,-3.4624288798822107,96.9249787490219,0.5963679999272813,-8.655767007600886,-9.18548069940816,-3.4891509063942436,95.475163387449,1.4933287299768523,-9.652468846918666,-8.270596973596781,-3.240062452075847
,Agosto,96.07106786042654,-8.78957927068899,-9.195275996130832,-4.570662200431002,97.191123534745,0.274588438561608,-8.43348011563549,-9.089844066698333,-4.583945935467,96.9702119211255,1.5659030900103517,-8.51876470851596,-8.302065011349512,-4.351695643844721
,Septiembre,96.91154693082882,-5.664827214902857,-8.806374769049569,-5.457083059204152,99.5731360345813,2.4508539599140846,-5.665198036889677,-8.70535621029218,-5.468812633129119,98.3733912240167,1.4470209717934068,-7.423816514411939,-8.203017031195998,-5.378618318959809
,Octubre,98.497801877471,-6.729164669955679,-8.595083766701222,-6.406239473151302,99.4430356686445,-0.13065809827624264,-6.279061944779002,-8.459297950125361,-6.4105298455025945,99.7032742854208,1.3518727420666892,-6.059440256634048,-7.986002345002859,-6.265152540233757
,Noviembre,101.68311640566381,-5.778329814024204,-8.329856555007765,-7.232757821301263,99.3919927674502,-0.05132878421409259,-6.046829987154524,-8.23777062597712,-7.230683026333637,101.127515240934,1.4284796218788358,-3.873073217903709,-7.610909830536372,-6.875099973300877
,Diciembre,108.27620642136415,-3.849822096397432,-7.929052343843168,-7.929052343843168,102.156549187718,2.7814679465538887,-4.261511497460418,-7.900707757945625,-7.900707757945625,102.732314988793,1.5869071281298517,-0.557769102971946,-7.031171870680367,-7.031171870680367
Promedio 2020,,96.57692756320556,-7.929052343843168,-7.9290523438431535,-7.929052343843168,96.60919460647303,,-7.900707757945639,-7.900707757945639,-7.900707757945625,97.37402854017989,,-7.031171870680367,-7.031171870680353,-7.031171870680367
,Enero,106.66995346063284,-0.05253206654259657,-0.05253206654259657,-8.270738654797995,106.003456775273,3.7656984482572113,-0.30089872520184713,-0.30089872520184713,-8.232152287236772,104.509710207642,1.7301228138808113,3.882138753729052,3.882138753729052,-6.580569843196528
,Febrero,107.31182313624046,1.4832665637684102,0.7118157836523125,-8.518105676389567,106.325729945404,0.304021378108672,0.3976740092863196,0.04769836550873663,-8.502146972424114,106.246051106795,1.6614158585869205,8.799871435659881,6.304400781976625,-5.478293095443206
,Marzo,107.31819103611872,15.082459931456384,5.0952326723623,-6.459515839356072,107.438124656996,1.0462140369628088,15.704578247988806,4.813043516874501,-6.436312323394176,107.651976915752,1.3232734716359715,13.235087905289447,8.550693082828246,-3.793831805314099
,Abril,105.42748980537255,42.57741630513033,12.395276756117426,-1.6936219417888907,108.911346601411,1.371228275920089,42.0022580590481,12.284086424231973,-1.6833743210150516,108.598789035683,0.8795120601193958,16.165582542870325,10.391086216219165,-1.7069842195828357
,Mayo,112.41286224061383,26.86049700483271,15.132503563996693,1.8084072961315627,109.78863280238,0.8055048701028937,26.925149745656498,14.98852732923119,1.8082221266441536,109.125672991287,0.48516559004252713,17.058013447802892,11.685811450283424,0.5446355310901225
,Junio,108.06974066049936,14.36482586711601,15.003602427995148,3.4936167977879222,109.558923585161,-0.20922859803935978,13.708869858895767,14.770162057636455,3.469872479215354,109.551324272086,0.3900560419297392,16.456763965200665,12.467557266161464,2.765934460508859
,Julio,106.63742625361388,12.59402917198014,14.65650640167651,5.337770165772298,109.23350931499,-0.297022149837062,12.6990283875531,14.466718293682845,5.299956496021153,110.156652614756,0.5525522824047187,15.377286308197085,12.882453436029493,4.8690808715630425
,Agosto,108.7317301161356,13.178433983998843,14.468066145206436,7.233273309863321,110.059898273321,0.7565342938383282,13.240689345437517,14.309670756839381,7.184712929015191,110.974489264743,0.742430557369218,14.441834318159934,13.07971797234029,6.845894482751319
,Septiembre,109.7312209026649,13.228221381076708,14.32678445588482,8.853207425960093,112.262121130283,2.0009312124685437,12.743382001441518,14.127966370304733,8.807461166498129,111.958621936966,0.8868098233596982,13.80986315904562,13.162761980017663,8.712166160142715
,Octubre,111.81867822363753,13.524034133002672,14.243462898624728,10.653667651306904,113.303643071698,0.9277590080507139,13.938238419469243,14.108267188823675,10.611327566205404,113.045139157834,0.9704631961973575,13.381571435878243,13.185377960073026,10.445405583550254
,Noviembre,117.18228912148004,15.242621650168957,14.340162915811845,12.57924523086416,115.183550965009,1.659176918187356,15.888159355559651,14.27560994603725,12.576106212966451,114.047989626207,0.8871239186789097,12.776418321453136,13.146572575894481,11.935539801425122
,Diciembre,120.00500557542225,10.832295978688691,14.012428906107473,14.012428906107473,114.169084204455,-0.8807392653332755,11.75894752930951,14.053845729726916,14.053845729726916,114.743357337613,0.6097150100454058,11.69159124870329,13.018652087025686,13.018652087025686
Promedio 2021,,110.10970087770265,14.012428906107473,14.012428906107473,14.012428906107473,110.18650177719842,,14.053845729726916,14.053845729726916,14.053845729726916,110.05081453894701,,13.018652087025686,13.018652087025657,13.018652087025686
,Enero,115.31709507989171,8.106445478529395,8.106445478529395,14.764116773053871,114.570889479381,0.35193877372830684,8.082220113133602,8.082220113133602,14.82454410630136,115.161946588914,0.36480477912928677,10.192580536399845,10.192580536399845,13.550741971899427
,Febrero,118.41724668299193,10.348741846135894,9.230956710497253,15.566005261531558,116.358250837411,1.5600484260460235,9.435647323708451,8.75996083410972,15.648145656476501,115.381462472974,0.19061494752565977,8.5983537938708,9.388900034826946,13.498043535263605
,Marzo,115.06548738404068,7.218996400446741,8.558936907626546,14.841702668965297,115.329470254671,-0.8841492333685324,7.345014279492219,8.2845551284326,14.883820763524483,115.505025225157,0.10709064483556574,7.29484820845488,8.680912157000861,12.959501753891516
,Abril,111.13361517299583,5.412369561446681,7.781544473582812,12.316792113066484,114.888189363985,-0.3826263050645764,5.487805402358845,7.574004759049217,12.311103946212825,115.602351665341,0.08426165008343389,6.449024608696874,8.113285506041692,12.126566422952891
,Mayo,118.93223688051765,5.799491721818669,7.36827873402477,10.673117899905009,115.44914671708,0.4882637251056252,5.155828768620282,7.080960445290742,10.644030584835434,115.670446786522,0.05890461586642459,5.9974647723433065,7.682626125047591,11.204972576485119
,Junio,116.35055952506062,7.662476854252304,7.417403301926441,10.130869728040054,117.606486245949,1.8686491760357313,7.345419612974354,7.125671386146678,10.115594945834644,115.718906514078,0.041894648894569286,5.629856401072743,7.334338406461228,10.314052312911343
,Julio,111.24541815165745,4.321176963784239,6.979418678152854,9.451490803209438,114.06203796846,-3.0138204027935416,4.420373092240652,6.7354364150452,9.420377828187569,115.799325254568,0.06949490183802709,5.122407504107599,7.011970118314508,9.473000368928226
,Agosto,114.75802805929689,5.542354505648575,6.798270708508497,8.833879802532138,116.228507255696,1.899378027801916,5.604774381179212,6.591959263971063,8.796310416343928,115.970324191845,0.14766833649598254,4.501786816232894,6.690602332668334,8.65841450140114
,Septiembre,113.62849407253327,3.5516538846545416,6.431870005498837,8.04881343392961,116.368266065384,0.12024486331958428,3.6576406126655314,6.255680195692165,8.038915074628378,116.198198056282,0.1964932546536886,3.786734818603719,6.358438583377961,7.8378872015202035
,Octubre,114.07683541725436,2.0194812078716495,5.976769707985667,7.111096097550501,116.135729686865,-0.19982799983317534,2.4995547701629306,5.8662681860364785,7.100839906623818,116.462349993718,0.22732877260975215,3.0228728641864535,6.0130794271322685,6.991197501331797
,Noviembre,118.78751349709071,1.3698523792674564,5.527386545430971,5.965994442948812,117.055622530771,0.7920842675947455,1.6252941935526195,5.461911754880887,5.952883310196228,116.754497633073,0.25085157509766987,2.373130833552267,5.668821710403876,6.141642783913383
,Diciembre,122.81385980727254,2.340614225533244,5.237956529298174,5.237956529298174,117.507808306833,0.3862999198890549,2.92436794570321,5.242806685937353,5.242806685937353,117.055263620695,0.25760548306004694,2.0148497801747283,5.351340335513271,5.351340335513271
Promedio 2022,,115.87719914421696,5.237956529298174,5.237956529298188,5.237956529298174,115.96336705937385,,5.242806685937353,5.242806685937353,5.242806685937353,115.94000816693058,,5.351340335513271,5.351340335513271,5.351340335513271
2023,Enero,117.28642385575702,1.707750940570378,1.707750940570378,4.701795493087758,116.702152465405,-0.6856189839949138,1.8602133541151886,1.8602133541151886,4.725425003148544,117.315615697627,0.22241808602100832,1.8701221822871759,1.8701221822871759,4.670136739169138
,Febrero,120.53486483003812,1.7882683531016,1.7485436209701675,3.9926627135033357,117.55344708235,0.7294592250107286,1.027169312306924,1.4404675072187842,4.030978390515628,117.531154654178,0.18372571739003263,1.8631174671646562,1.8666164898957476,4.117139899230921
,Marzo,118.05989368753009,2.6023496458980304,2.030205474503859,3.617354855648074,118.216422367833,0.5639777496431577,2.5032215155302566,1.7944424064633182,3.636348286513467,117.764116793596,0.1982130951605683,1.9558383403971362,1.896397211528054,3.678254257758269
,Abril,111.33033086637687,0.17700827339668024,1.5824178497268804,3.195374348850237,115.085246446291,-2.648681002880707,0.17152074847457754,1.390114477066362,3.193660073955229,117.992648597304,0.19405894590840944,2.0676888467482826,1.9392904902889825,3.3188475030718365
,Mayo,123.04931287225713,3.46169894700256,1.9685300548290456,3.003564139441778,118.835478778237,3.25865603780602,2.933180675172565,1.6990755041661316,3.0131970070801373,118.230342263774,0.20144786077413812,2.2130937922081984,1.9941489442459925,3.0102784722998166
,Junio,117.38706167405276,0.8908441465370913,1.7881698286479377,2.456356602581451,118.353812981999,-0.4053215430190278,0.6354468702407559,1.5188836460300763,2.4619951398182565,118.460630921438,0.19477965914217066,2.369296850403984,2.0567884697552046,2.7462720417573507
,Julio,115.92010115625214,4.202135316909718,2.1211585047856687,2.452972326311283,118.677768356094,0.27371773323794457,4.0466841289565,1.8756060865834598,2.43784235240048,118.654866869409,0.16396666678217287,2.4659397699973624,2.1153655379796703,2.5320848870683506
,Agosto,117.0591776416456,2.0052188254399823,2.106715686026803,2.172313427786321,118.525215654184,-0.12854362196318903,1.9760284741809215,1.8882313249375784,2.1462482991803995,118.87296350457,0.183807576473896,2.502915580302485,2.1639639682708776,2.3710746947522807
,Septiembre,116.74412312957051,2.7419434557043587,2.176465023355817,2.1097125316761804,119.915132550968,1.1726761171557882,3.0479671181068397,2.0178897631767114,2.099454058785682,119.209334704829,0.2829669508879391,2.5913798139008293,2.2116724889688584,2.2749711188719175
,Octubre,116.57074407869136,2.1861657121843763,2.1774282053451657,2.1232836428344513,119.198683743162,-0.5974632163305102,2.63739166624741,2.0800734224083897,2.1118181177951527,119.680082445578,0.3948916768259778,2.7628950060114335,2.267135396022283,2.254973527733938
,Noviembre,121.18235185147034,2.0160691000896236,2.1623084944951216,2.1777277564846855,119.798681115608,0.5033590586778871,2.3433804592478396,2.1042651780713157,2.171711453577501,120.310152870224,0.5264622247670161,3.0454117907521123,2.3384471983310107,2.31171465369367
,Diciembre,125.88649303367909,2.5018619488291733,2.1922984829237038,2.1922984829237038,121.117140311456,1.1005623630995274,3.0715678018591035,2.1859473033357517,2.1859473033357517,121.083978040303,0.6431919099244396,3.441720000445784,2.4312709862098387,2.4312709862098387
Promedio 2023,,118.4175732231101,2.1922984829237038,2.1922984829237038,2.1922984829237038,118.49826515446557,,2.1859473033357517,2.1859473033357517,2.1859473033357517,118.7588239469025,,2.431270986209853,2.431270986209853,2.4312709862098387
2024,Enero,122.78191199317031,4.685527921093268,4.685527921093268,2.442423905241455,122.440720406303,1.0928098958110866,4.9172768622233605,4.9172768622233605,2.441435425395369,121.887033950347,0.663222271882006,3.896683511002095,3.896683511002095,2.60102341130937
,Febrero,129.46583842118432,7.40945252955602,6.0660934974662695,2.927263254941039,125.864428288234,2.7962167084364324,7.069959590433683,5.997529695727863,2.9494769877328224,122.650290236272,0.6261997369104222,4.355556275403288,4.126330466583553,2.809791248487798
,Marzo,119.64430808647367,1.3420428813336542,4.498938668442236,2.820105429899016,119.482011075183,-5.070866566393988,1.0705692847074175,4.345064828379421,2.827389037992063,123.330112033665,0.5542765500867546,4.726393227085012,4.326737951398513,3.0418222388482974
,Abril,120.83341943013014,8.535938490256754,5.460902389656312,3.48549358364707,124.433010017037,4.143719123323635,8.12246909086518,5.274840772187403,3.481561102218464,123.8754083113,0.44214366519521775,4.985700197368416,4.491957068600655,3.2860497759876353
,Mayo,128.8917116874949,4.748014173230715,5.312289435339636,3.598326032887968,123.965804013877,-0.37546789481025655,4.3171662944312175,5.080763158450026,3.5975983230366353,124.299973502549,0.3427356543455744,5.133733965882925,4.620817694758173,3.530249522412049
,Junio,123.43862583399802,5.155222452665669,5.286234624888934,3.9531310344459456,124.42124430558,0.3673918749819194,5.126519518643491,5.088447395597811,3.975117876881768,124.65579304942,0.28625874716192357,5.22972238100823,4.722799588288666,3.769066007173933
,Julio,122.74039026782891,5.883612111745393,5.370317614556626,4.092429427754809,125.238298428314,0.6566837739761695,5.528019411803427,5.151801639710925,4.100325354727332,124.944267920149,0.23141713968691136,5.300584136731686,4.805803402667166,4.005238669975128
,Agosto,123.88827214171354,5.833882176221934,5.4280073010765335,4.406896091144503,125.350452337654,0.08955240589139635,5.758468057450088,5.228138284747374,4.415038084264026,125.125980818398,0.14543516183162808,5.260251893684483,4.862979907328707,4.2343988212800525
,Septiembre,121.10530980323823,3.7356798413119066,5.241157811913794,4.485326116612725,124.750536439195,-0.4785909322792179,4.032355037569431,5.093099885094205,4.495171942054398,125.219022746719,0.07435860059791821,5.041289809032506,4.882956948682505,4.437399611387775
,Octubre,122.92527707686868,5.451224531849675,5.262017133025239,4.750154759904831,126.017368559416,1.0154923228233628,5.720436335476876,5.156413744159892,4.750751006462252,125.274791603316,0.044537048264459145,4.674720340606456,4.861903027162455,4.595012249408242
,Noviembre,125.93992935363934,3.9259656455588754,5.137005309264865,4.908763967810884,124.767637855896,-0.9917130613077063,4.14775579665428,5.06352465373439,4.898496833994301,125.314356613069,0.03158257878270376,4.159419320365188,4.797091292367654,4.6854482747324795
,Diciembre,129.7495893846785,3.0687139326106347,4.95377662897414,4.95377662897414,125.325694329166,0.4472766198511806,3.4747798758190527,4.928203246331606,4.928203246331606,125.414056349698,0.07955970833958759,3.576095185734431,4.693349481268655,4.693349481268655
Promedio 2024,,124.28371529003488,4.953776628974154,4.95377662897414,4.95377662897414,124.33810050465458,,4.928203246331606,4.928203246331606,4.928203246331606,124.3325905945752,,4.693349481268655,4.693349481268655,4.693349481268655
2025,Enero,125.5921909493745,2.2888379164192543,2.2888379164192543,4.74645590072447,125.392186055622,0.053055143090901424,2.410526203639577,2.410526203639577,4.713181013570448,125.607348546056,0.1541232314653911,3.052264441207541,3.052264441207541,4.618811241927773
,Febrero,130.34316146509815,0.6776482928722061,1.4618968827514038,4.155865490986059,126.326423584578,0.7450524297754697,0.36705787538795676,1.3747040541081077,4.139327766773874,125.864354901659,0.20461092330816655,2.6205112594478663,2.83571405067147,4.469555635698725
,Marzo,126.13329420318351,5.4235644139626515,2.7364359857136265,4.492584512138521,125.814004215895,-0.40563118478527826,5.2995367953152765,2.6497537577105277,4.488178903234612,126.14985768437,0.2268337075529132,2.286339973432689,2.651532577066746,4.261620135054429
,Abril,122.86214243786628,1.6789419825276326,2.477101686686936,3.9463581630211735,126.312069094692,0.39587395846835705,1.510096940834032,2.361649090703864,3.9428989796946468,126.416009811043,0.21098091710804567,2.050932896510375,2.500234939515096,4.013193443904029
,Mayo,132.92136552047214,3.12638708899091,2.6117303750088183,3.805670125899823,127.657163470503,1.0648977452840427,2.977723966693887,2.4855925437880018,3.829847559874324,126.584787365112,0.13350963562390916,1.8381450922160951,2.3666439811167947,3.7358153339253732
,Junio,124.77746692011694,1.0846208608312082,2.358723424363589,3.466739660815989,125.823579894542,-1.4363342613238217,1.1270869350235841,2.2573650108849534,3.4939074263094767,126.654130421742,0.054779928989390214,1.6030842397591272,2.238140776607864,3.432199684788756
,Julio,126.33179985875626,2.92602099691112,2.438961532105367,3.230237563717253,128.483130971519,2.113714360381479,2.5909267244335297,2.3056123028416806,3.251834530860023,126.710992471975,0.04489553561630544,1.4140100872455292,2.1191882522465306,3.108705468962313
,Agosto,125.75224958096781,1.5045632706234642,2.322229861204562,2.8779635948888114,127.151159068393,-1.0366901032488443,1.4365378801254565,2.1957058106607974,2.8952287640418746,126.820032813385,0.08605436614672612,1.353877095633436,2.022535730164151,2.785579441325268
,Septiembre,122.45388987304838,1.11355981996266,2.1906898691800336,2.665415672292255,126.418565687529,-0.5761594201984082,1.3370918442078334,2.0997222196916994,2.6711614239633263,127.059486344431,0.18881364854901506,1.4697955289386897,1.9605157128222572,2.491981149775782
,Octubre,123.15041672538806,0.18315162989510725,1.9909859072007237,2.2406222801333087,126.49211119204,0.0581761896371944,0.37672793683209704,1.924896518125891,2.2310663654931773,127.500640326242,0.34720271150408166,1.776773039842027,1.9419714308219937,2.2553600031705088
,Noviembre,129.91543104606296,3.156665017065734,2.098799960967625,2.1808810790345348,128.984643898615,1.970504471058149,3.379887697793521,2.0577212982898487,2.173075828691225,128.184506436013,0.5363628825872269,2.290359940007619,1.9739184641003789,2.1043231260684934
,Diciembre,132.74634907684643,2.309648690512006,2.1171434315346858,2.1171434315346858,128.562944341769,-0.32693779980309046,2.5830696809071156,2.1018480586774615,2.1018480586774615,129.037944988906,0.6657891633096824,2.8895394540970187,2.050883898696185,2.050883898696185
Promedio 2025,,126.91497980476511,2.1171434315346858,2.1171434315346858,2.1171434315346858,126.95149845630807,,2.1018480586774615,2.1018480586774615,2.1018480586774615,126.88250767591119,,2.050883898696185,2.050883898696185,2.050883898696185
2026,Enero,130.00355113473262,3.512447829766984,3.512447829766984,2.2203135733649617,129.832080704114,0.987171201502008,3.540806479378645,3.540806479378645,2.1972584534608615,129.953513532536,0.7095343495347066,3.4601199983824245,3.4601199983824245,2.0876256830478326
,Febrero,135.3713593173124,3.857661419053926,3.6882587530485296,2.496644058253821,131.114700475351,0.9879066593410499,3.7904001038762516,3.6660664670186804,2.4858719621684315,130.868678610621,0.704224959532084,3.975965802924918,3.7183065001927957,2.2025854620883365
,Marzo,132.50618009064038,5.052500949662857,4.138639499737096,2.4781231070833485,132.094267216507,0.7471067222856362,4.991704254031347,4.107839686080311,2.471946338797153,131.681089616653,0.620783379687964,4.384651741837288,3.9409086131391575,2.3790054667971674
*Cifras preliminares.,,,,,,,,,,,,,,,
